Tree,Last.import
ET1,2024-07-02T07:15:00Z
ET2,2024-07-02T10:30:00Z
ET3,2024-06-20T10:15:00Z
ET4,2024-06-20T08:30:00Z
ET5,2024-06-25T10:00:00Z
ET6,2024-06-25T07:45:00Z
ET7,2024-07-04T10:15:00Z
ET8,2024-07-04T08:30:00Z
FB1,2024-06-12T07:30:00Z
FB2,2024-06-19T08:00:00Z
FB3,2024-07-05T10:15:00Z
FB4,2024-01-30T10:00:00Z
FB5,2024-05-17T09:30:00Z
FB6,2024-06-27T21:15:00Z
FB7,2024-06-27T09:30:00Z
FB8,2024-06-27T08:45:00Z
TV1,2024-06-18T10:15:00Z
TV2,2024-06-18T08:45:00Z
TV3,2024-07-03T10:00:00Z
TV4,2024-07-03T08:15:00Z
