Tree,Group,periodBegin,periodEnd
ET1,1,2022-07-04T23:15:00Z,2022-07-05T05:30:00Z
ET1,2,2022-07-16T22:15:00Z,2022-07-17T01:30:00Z
ET1,3,2022-07-20T00:30:00Z,2022-07-20T03:45:00Z
ET1,4,2022-07-28T00:00:00Z,2022-07-28T04:00:00Z
ET1,5,2022-08-04T20:45:00Z,2022-08-05T00:00:00Z
ET1,6,2022-08-13T00:45:00Z,2022-08-13T05:30:00Z
ET1,7,2022-09-12T01:00:00Z,2022-09-12T04:00:00Z
ET1,8,2022-10-03T18:15:00Z,2022-10-03T22:00:00Z
ET1,9,2022-11-22T00:00:00Z,2022-11-22T04:15:00Z
ET1,10,2022-11-25T23:00:00Z,2022-11-26T02:00:00Z
ET1,11,2022-11-28T00:15:00Z,2022-11-28T03:15:00Z
ET1,12,2022-12-02T01:15:00Z,2022-12-02T04:45:00Z
ET1,13,2023-02-28T19:00:00Z,2023-02-28T22:15:00Z
ET1,14,2023-03-20T18:30:00Z,2023-03-20T21:45:00Z
ET2,15,2022-06-09T23:30:00Z,2022-06-10T04:45:00Z
ET2,16,2022-07-04T00:45:00Z,2022-07-04T04:00:00Z
ET2,17,2022-07-04T23:00:00Z,2022-07-05T05:30:00Z
ET2,18,2022-07-10T00:45:00Z,2022-07-10T05:30:00Z
ET2,19,2022-07-20T00:30:00Z,2022-07-20T05:30:00Z
ET2,20,2022-07-22T21:00:00Z,2022-07-23T01:00:00Z
ET2,21,2022-07-31T01:30:00Z,2022-07-31T04:30:00Z
ET2,22,2022-08-04T19:45:00Z,2022-08-05T01:00:00Z
ET2,23,2022-08-13T00:45:00Z,2022-08-13T05:45:00Z
ET2,24,2022-08-17T23:00:00Z,2022-08-18T02:00:00Z
ET2,25,2022-09-04T20:15:00Z,2022-09-05T01:45:00Z
ET2,26,2022-09-08T01:45:00Z,2022-09-08T05:30:00Z
ET2,27,2022-09-12T00:45:00Z,2022-09-12T04:00:00Z
ET2,28,2022-10-03T18:15:00Z,2022-10-03T22:00:00Z
ET2,29,2022-10-08T01:15:00Z,2022-10-08T05:30:00Z
ET2,30,2022-10-10T17:30:00Z,2022-10-10T21:30:00Z
ET2,31,2022-10-15T22:00:00Z,2022-10-16T04:15:00Z
ET2,32,2022-11-04T19:00:00Z,2022-11-04T22:45:00Z
ET2,33,2022-11-11T00:15:00Z,2022-11-11T03:30:00Z
ET2,34,2022-11-13T01:15:00Z,2022-11-13T05:45:00Z
ET2,35,2022-11-22T00:00:00Z,2022-11-22T04:15:00Z
ET2,36,2022-12-02T01:00:00Z,2022-12-02T04:45:00Z
ET2,37,2023-01-11T21:30:00Z,2023-01-12T01:00:00Z
ET2,38,2023-02-16T02:00:00Z,2023-02-16T05:15:00Z
ET2,39,2023-02-28T19:15:00Z,2023-02-28T22:15:00Z
ET2,40,2023-03-20T19:15:00Z,2023-03-20T22:15:00Z
ET2,41,2023-04-30T02:00:00Z,2023-04-30T05:15:00Z
ET3,42,2022-07-02T18:00:00Z,2022-07-02T21:00:00Z
ET3,43,2022-07-04T00:15:00Z,2022-07-04T04:15:00Z
ET3,44,2022-07-04T21:45:00Z,2022-07-05T05:45:00Z
ET3,45,2022-07-06T02:30:00Z,2022-07-06T05:30:00Z
ET3,46,2022-07-10T00:45:00Z,2022-07-10T05:45:00Z
ET3,47,2022-07-16T22:30:00Z,2022-07-17T01:30:00Z
ET3,48,2022-07-20T00:15:00Z,2022-07-20T06:00:00Z
ET3,49,2022-07-22T21:15:00Z,2022-07-23T01:15:00Z
ET3,50,2022-07-24T00:45:00Z,2022-07-24T03:45:00Z
ET3,51,2022-07-27T22:00:00Z,2022-07-28T04:00:00Z
ET3,52,2022-07-31T18:15:00Z,2022-07-31T21:15:00Z
ET3,53,2022-08-04T18:30:00Z,2022-08-05T00:15:00Z
ET3,54,2022-08-09T21:15:00Z,2022-08-10T01:45:00Z
ET3,55,2022-08-13T00:30:00Z,2022-08-13T05:45:00Z
ET3,56,2022-08-20T20:00:00Z,2022-08-20T23:00:00Z
ET3,57,2022-09-02T01:15:00Z,2022-09-02T06:00:00Z
ET3,58,2022-09-05T01:15:00Z,2022-09-05T05:30:00Z
ET3,59,2022-09-12T00:45:00Z,2022-09-12T04:15:00Z
ET3,60,2022-09-17T00:30:00Z,2022-09-17T05:00:00Z
ET3,61,2022-09-29T02:30:00Z,2022-09-29T05:30:00Z
ET3,62,2022-10-03T00:00:00Z,2022-10-03T05:45:00Z
ET3,63,2022-10-03T18:00:00Z,2022-10-03T22:15:00Z
ET3,64,2022-10-05T18:15:00Z,2022-10-06T00:15:00Z
ET3,65,2022-10-08T00:15:00Z,2022-10-08T03:15:00Z
ET3,66,2022-10-11T21:15:00Z,2022-10-12T01:15:00Z
ET3,67,2022-10-25T20:00:00Z,2022-10-25T23:00:00Z
ET3,68,2022-11-04T18:15:00Z,2022-11-04T22:00:00Z
ET3,69,2022-11-05T21:15:00Z,2022-11-06T00:45:00Z
ET3,70,2022-11-10T23:45:00Z,2022-11-11T03:45:00Z
ET3,71,2022-11-13T01:15:00Z,2022-11-13T06:00:00Z
ET3,72,2022-11-14T00:45:00Z,2022-11-14T03:45:00Z
ET3,73,2022-11-14T20:30:00Z,2022-11-14T23:30:00Z
ET3,74,2022-11-15T21:00:00Z,2022-11-16T00:00:00Z
ET3,75,2022-11-16T01:30:00Z,2022-11-16T05:45:00Z
ET3,76,2022-11-21T23:45:00Z,2022-11-22T04:15:00Z
ET3,77,2022-11-27T23:30:00Z,2022-11-28T03:15:00Z
ET3,78,2022-11-28T23:30:00Z,2022-11-29T02:45:00Z
ET3,79,2022-11-29T22:15:00Z,2022-11-30T06:00:00Z
ET3,80,2022-12-02T00:45:00Z,2022-12-02T05:00:00Z
ET3,81,2022-12-03T18:30:00Z,2022-12-03T22:45:00Z
ET3,82,2022-12-04T19:00:00Z,2022-12-05T01:00:00Z
ET3,83,2022-12-06T21:45:00Z,2022-12-07T02:15:00Z
ET3,84,2022-12-07T23:00:00Z,2022-12-08T02:15:00Z
ET3,85,2022-12-09T02:30:00Z,2022-12-09T05:30:00Z
ET3,86,2022-12-14T19:15:00Z,2022-12-14T22:15:00Z
ET3,87,2022-12-16T20:45:00Z,2022-12-17T06:00:00Z
ET3,88,2022-12-23T22:00:00Z,2022-12-24T01:00:00Z
ET3,89,2023-01-09T00:00:00Z,2023-01-09T05:15:00Z
ET3,90,2023-01-09T21:45:00Z,2023-01-10T03:30:00Z
ET3,91,2023-01-12T23:00:00Z,2023-01-13T02:00:00Z
ET3,92,2023-01-18T00:30:00Z,2023-01-18T06:15:00Z
ET3,93,2023-01-19T18:45:00Z,2023-01-19T22:00:00Z
ET3,94,2023-01-30T17:45:00Z,2023-01-30T21:45:00Z
ET3,95,2023-02-16T01:00:00Z,2023-02-16T06:30:00Z
ET3,96,2023-02-24T17:45:00Z,2023-02-24T21:00:00Z
ET3,97,2023-02-28T19:00:00Z,2023-02-28T23:00:00Z
ET3,98,2023-03-02T18:00:00Z,2023-03-02T22:45:00Z
ET3,99,2023-03-05T17:30:00Z,2023-03-05T20:30:00Z
ET3,100,2023-03-08T19:30:00Z,2023-03-08T23:00:00Z
ET3,101,2023-03-20T18:00:00Z,2023-03-20T22:30:00Z
ET3,102,2023-04-12T20:00:00Z,2023-04-13T00:15:00Z
ET3,103,2023-05-01T21:45:00Z,2023-05-02T00:45:00Z
ET3,104,2023-06-11T18:15:00Z,2023-06-11T23:30:00Z
ET4,105,2022-07-04T00:15:00Z,2022-07-04T04:30:00Z
ET4,106,2022-07-04T21:45:00Z,2022-07-05T05:45:00Z
ET4,107,2022-07-05T23:45:00Z,2022-07-06T05:30:00Z
ET4,108,2022-07-09T23:45:00Z,2022-07-10T05:30:00Z
ET4,109,2022-07-11T23:00:00Z,2022-07-12T04:45:00Z
ET4,110,2022-07-19T22:45:00Z,2022-07-20T06:00:00Z
ET4,111,2022-07-22T19:30:00Z,2022-07-23T04:45:00Z
ET4,112,2022-07-25T20:00:00Z,2022-07-26T00:45:00Z
ET4,113,2022-07-27T23:45:00Z,2022-07-28T04:00:00Z
ET4,114,2022-07-29T20:45:00Z,2022-07-30T01:30:00Z
ET4,115,2022-08-06T22:15:00Z,2022-08-07T02:15:00Z
ET4,116,2022-08-13T00:30:00Z,2022-08-13T05:45:00Z
ET4,117,2022-08-15T21:15:00Z,2022-08-16T00:45:00Z
ET4,118,2022-08-20T20:00:00Z,2022-08-20T23:00:00Z
ET4,119,2022-09-01T19:45:00Z,2022-09-02T03:45:00Z
ET4,120,2022-09-03T23:15:00Z,2022-09-04T03:00:00Z
ET4,121,2022-09-04T23:45:00Z,2022-09-05T05:30:00Z
ET4,122,2022-09-12T00:45:00Z,2022-09-12T04:30:00Z
ET4,123,2022-09-16T00:15:00Z,2022-09-16T03:45:00Z
ET4,124,2022-09-29T02:00:00Z,2022-09-29T05:30:00Z
ET4,125,2022-10-03T00:00:00Z,2022-10-03T05:45:00Z
ET4,126,2022-10-05T21:00:00Z,2022-10-06T03:15:00Z
ET4,127,2022-10-11T23:30:00Z,2022-10-12T03:30:00Z
ET4,128,2022-10-13T21:30:00Z,2022-10-14T04:30:00Z
ET4,129,2022-10-15T00:00:00Z,2022-10-15T05:45:00Z
ET4,130,2022-10-16T00:45:00Z,2022-10-16T05:30:00Z
ET4,131,2022-10-24T17:15:00Z,2022-10-24T23:00:00Z
ET4,132,2022-10-25T17:00:00Z,2022-10-25T22:45:00Z
ET4,133,2022-10-31T23:45:00Z,2022-11-01T03:15:00Z
ET4,134,2022-11-14T00:45:00Z,2022-11-14T04:00:00Z
ET4,135,2022-11-16T02:45:00Z,2022-11-16T05:45:00Z
ET4,136,2022-11-21T23:45:00Z,2022-11-22T04:45:00Z
ET4,137,2022-11-29T23:30:00Z,2022-11-30T06:00:00Z
ET4,138,2022-12-02T00:45:00Z,2022-12-02T05:00:00Z
ET4,139,2022-12-03T18:45:00Z,2022-12-03T22:45:00Z
ET4,140,2022-12-04T19:00:00Z,2022-12-05T01:00:00Z
ET4,141,2022-12-06T22:45:00Z,2022-12-07T02:15:00Z
ET4,142,2022-12-07T23:00:00Z,2022-12-08T02:00:00Z
ET4,143,2022-12-08T17:45:00Z,2022-12-08T21:45:00Z
ET4,144,2022-12-14T19:15:00Z,2022-12-14T22:15:00Z
ET4,145,2022-12-16T23:45:00Z,2022-12-17T03:15:00Z
ET4,146,2023-01-09T20:45:00Z,2023-01-10T04:30:00Z
ET4,147,2023-01-11T22:45:00Z,2023-01-12T01:45:00Z
ET4,148,2023-02-16T01:00:00Z,2023-02-16T06:30:00Z
ET4,149,2023-02-28T19:30:00Z,2023-02-28T23:00:00Z
ET4,150,2023-03-02T18:15:00Z,2023-03-02T23:00:00Z
ET4,151,2023-03-08T19:30:00Z,2023-03-08T22:45:00Z
ET4,152,2023-03-20T18:15:00Z,2023-03-20T22:30:00Z
ET4,153,2023-03-29T02:15:00Z,2023-03-29T06:00:00Z
ET4,154,2023-04-12T20:00:00Z,2023-04-13T00:15:00Z
ET4,155,2023-04-30T01:00:00Z,2023-04-30T05:15:00Z
ET4,156,2023-05-01T20:45:00Z,2023-05-02T01:00:00Z
ET4,157,2023-05-03T00:30:00Z,2023-05-03T04:00:00Z
ET4,158,2023-06-05T00:30:00Z,2023-06-05T04:45:00Z
ET4,159,2023-06-05T19:30:00Z,2023-06-05T23:15:00Z
ET4,160,2023-06-08T22:00:00Z,2023-06-09T02:30:00Z
ET5,161,2022-07-20T00:15:00Z,2022-07-20T05:45:00Z
ET5,162,2022-07-28T00:45:00Z,2022-07-28T04:00:00Z
ET5,163,2022-08-13T00:45:00Z,2022-08-13T05:30:00Z
ET5,164,2022-09-12T01:00:00Z,2022-09-12T04:15:00Z
ET5,165,2022-09-17T01:30:00Z,2022-09-17T05:00:00Z
ET5,166,2022-10-03T18:15:00Z,2022-10-03T22:00:00Z
ET5,167,2022-10-05T19:15:00Z,2022-10-06T00:00:00Z
ET5,168,2022-11-22T00:00:00Z,2022-11-22T04:15:00Z
ET5,169,2022-12-04T19:15:00Z,2022-12-04T22:15:00Z
ET5,170,2022-12-06T23:00:00Z,2022-12-07T02:00:00Z
ET5,171,2022-12-28T22:30:00Z,2022-12-29T03:00:00Z
ET5,172,2023-01-09T21:45:00Z,2023-01-10T04:30:00Z
ET5,173,2023-01-11T21:30:00Z,2023-01-12T01:30:00Z
ET5,174,2023-01-18T01:00:00Z,2023-01-18T04:00:00Z
ET5,175,2023-03-29T02:45:00Z,2023-03-29T05:45:00Z
ET5,176,2023-04-20T19:45:00Z,2023-04-20T23:00:00Z
ET5,177,2023-06-28T00:00:00Z,2023-06-28T05:15:00Z
ET5,178,2023-07-05T19:30:00Z,2023-07-05T23:15:00Z
ET5,179,2023-07-10T01:00:00Z,2023-07-10T05:00:00Z
ET6,180,2022-07-02T18:00:00Z,2022-07-02T21:00:00Z
ET6,181,2022-07-04T00:30:00Z,2022-07-04T04:00:00Z
ET6,182,2022-07-04T23:00:00Z,2022-07-05T05:30:00Z
ET6,183,2022-07-10T00:45:00Z,2022-07-10T05:30:00Z
ET6,184,2022-07-29T18:00:00Z,2022-07-30T05:45:00Z
ET6,185,2022-07-31T01:30:00Z,2022-07-31T04:30:00Z
ET6,186,2022-07-31T18:15:00Z,2022-07-31T21:15:00Z
ET6,187,2022-08-13T00:45:00Z,2022-08-13T05:45:00Z
ET6,188,2022-08-18T00:30:00Z,2022-08-18T04:00:00Z
ET6,189,2022-09-04T23:30:00Z,2022-09-05T05:30:00Z
ET6,190,2022-09-12T01:00:00Z,2022-09-12T04:15:00Z
ET6,191,2022-10-03T00:00:00Z,2022-10-03T05:30:00Z
ET6,192,2022-10-03T18:00:00Z,2022-10-03T22:00:00Z
ET6,193,2022-10-05T18:30:00Z,2022-10-06T03:15:00Z
ET6,194,2022-10-13T02:00:00Z,2022-10-13T05:45:00Z
ET6,195,2022-10-14T00:00:00Z,2022-10-14T03:45:00Z
ET6,196,2022-11-14T00:45:00Z,2022-11-14T04:00:00Z
ET6,197,2022-11-14T21:30:00Z,2022-11-15T05:45:00Z
ET6,198,2022-11-21T23:45:00Z,2022-11-22T04:15:00Z
ET6,199,2022-11-25T01:30:00Z,2022-11-25T04:45:00Z
ET6,200,2022-11-25T23:45:00Z,2022-11-26T02:45:00Z
ET6,201,2022-11-26T22:30:00Z,2022-11-27T01:30:00Z
ET6,202,2022-11-28T00:00:00Z,2022-11-28T03:00:00Z
ET6,203,2022-11-28T23:00:00Z,2022-11-29T02:45:00Z
ET6,204,2022-11-29T22:00:00Z,2022-11-30T05:00:00Z
ET6,205,2022-12-02T00:45:00Z,2022-12-02T04:45:00Z
ET6,206,2022-12-03T18:30:00Z,2022-12-03T21:30:00Z
ET6,207,2022-12-04T18:30:00Z,2022-12-04T23:15:00Z
ET6,208,2022-12-07T00:30:00Z,2022-12-07T05:30:00Z
ET6,209,2022-12-07T23:00:00Z,2022-12-08T02:15:00Z
ET6,210,2022-12-12T18:30:00Z,2022-12-12T21:30:00Z
ET6,211,2022-12-14T19:15:00Z,2022-12-14T22:15:00Z
ET6,212,2022-12-16T23:00:00Z,2022-12-17T03:15:00Z
ET6,213,2023-01-09T20:45:00Z,2023-01-10T04:30:00Z
ET6,214,2023-01-13T00:30:00Z,2023-01-13T03:30:00Z
ET6,215,2023-01-19T18:45:00Z,2023-01-19T22:00:00Z
ET6,216,2023-01-30T18:00:00Z,2023-01-30T21:00:00Z
ET6,217,2023-02-28T19:45:00Z,2023-02-28T23:00:00Z
ET6,218,2023-03-01T22:45:00Z,2023-03-02T02:15:00Z
ET6,219,2023-03-08T19:15:00Z,2023-03-08T23:15:00Z
ET6,220,2023-03-29T02:15:00Z,2023-03-29T05:45:00Z
ET6,221,2023-04-12T20:00:00Z,2023-04-13T00:15:00Z
ET6,222,2023-05-01T21:00:00Z,2023-05-02T01:00:00Z
ET6,223,2023-06-20T01:15:00Z,2023-06-20T05:15:00Z
ET6,224,2023-06-23T23:15:00Z,2023-06-24T02:15:00Z
ET6,225,2023-06-28T00:00:00Z,2023-06-28T05:30:00Z
ET6,226,2023-07-05T19:30:00Z,2023-07-06T03:00:00Z
ET6,227,2023-07-10T02:00:00Z,2023-07-10T05:15:00Z
ET7,228,2022-07-04T00:00:00Z,2022-07-04T04:30:00Z
ET7,229,2022-07-04T21:30:00Z,2022-07-05T05:30:00Z
ET7,230,2022-07-06T02:30:00Z,2022-07-06T05:30:00Z
ET7,231,2022-07-22T21:15:00Z,2022-07-23T06:00:00Z
ET7,232,2022-07-30T23:45:00Z,2022-07-31T04:30:00Z
ET7,233,2022-08-13T00:45:00Z,2022-08-13T05:45:00Z
ET7,234,2022-09-02T00:15:00Z,2022-09-02T05:45:00Z
ET7,235,2022-09-10T22:15:00Z,2022-09-11T03:00:00Z
ET7,236,2022-09-12T00:45:00Z,2022-09-12T04:15:00Z
ET7,237,2022-09-17T00:30:00Z,2022-09-17T05:30:00Z
ET7,238,2022-10-03T00:00:00Z,2022-10-03T05:30:00Z
ET7,239,2022-10-03T18:00:00Z,2022-10-03T22:00:00Z
ET7,240,2022-10-13T23:30:00Z,2022-10-14T04:00:00Z
ET7,241,2022-10-23T00:30:00Z,2022-10-23T05:45:00Z
ET7,242,2022-11-14T00:45:00Z,2022-11-14T03:45:00Z
ET7,243,2022-11-21T23:45:00Z,2022-11-22T04:30:00Z
ET7,244,2022-11-25T01:30:00Z,2022-11-25T04:45:00Z
ET7,245,2022-11-28T23:00:00Z,2022-11-29T02:45:00Z
ET7,246,2022-11-29T22:00:00Z,2022-11-30T05:30:00Z
ET7,247,2022-12-02T01:00:00Z,2022-12-02T05:00:00Z
ET7,248,2022-12-03T18:15:00Z,2022-12-03T22:15:00Z
ET7,249,2022-12-28T22:30:00Z,2022-12-29T02:15:00Z
ET7,250,2023-01-02T02:00:00Z,2023-01-02T05:00:00Z
ET7,251,2023-01-09T17:30:00Z,2023-01-09T20:45:00Z
ET7,252,2023-01-18T00:45:00Z,2023-01-18T06:15:00Z
ET7,253,2023-01-22T23:00:00Z,2023-01-23T02:15:00Z
ET7,254,2023-03-20T19:15:00Z,2023-03-20T22:15:00Z
ET8,255,2022-06-09T23:30:00Z,2022-06-10T04:45:00Z
ET8,256,2022-06-25T02:00:00Z,2022-06-25T05:00:00Z
ET8,257,2022-07-04T21:45:00Z,2022-07-05T05:30:00Z
ET8,258,2022-07-06T02:30:00Z,2022-07-06T05:30:00Z
ET8,259,2022-07-10T00:30:00Z,2022-07-10T05:30:00Z
ET8,260,2022-07-20T00:00:00Z,2022-07-20T05:45:00Z
ET8,261,2022-07-22T21:30:00Z,2022-07-23T01:15:00Z
ET8,262,2022-07-24T00:00:00Z,2022-07-24T05:30:00Z
ET8,263,2022-07-27T23:00:00Z,2022-07-28T04:15:00Z
ET8,264,2022-07-31T01:30:00Z,2022-07-31T04:30:00Z
ET8,265,2022-07-31T18:15:00Z,2022-07-31T21:15:00Z
ET8,266,2022-08-13T00:30:00Z,2022-08-13T05:45:00Z
ET8,267,2022-08-20T20:00:00Z,2022-08-20T23:00:00Z
ET8,268,2022-09-01T20:00:00Z,2022-09-01T23:00:00Z
ET8,269,2022-09-12T00:45:00Z,2022-09-12T04:15:00Z
ET8,270,2022-09-16T00:45:00Z,2022-09-16T03:45:00Z
ET8,271,2022-09-16T23:00:00Z,2022-09-17T05:30:00Z
ET8,272,2022-09-19T23:15:00Z,2022-09-20T05:30:00Z
ET8,273,2022-09-23T17:30:00Z,2022-09-23T21:15:00Z
ET8,274,2022-09-28T22:30:00Z,2022-09-29T05:30:00Z
ET8,275,2022-10-03T00:00:00Z,2022-10-03T05:30:00Z
ET8,276,2022-10-03T18:00:00Z,2022-10-03T22:00:00Z
ET8,277,2022-10-05T19:30:00Z,2022-10-06T00:15:00Z
ET8,278,2022-10-07T23:45:00Z,2022-10-08T05:30:00Z
ET8,279,2022-10-10T17:30:00Z,2022-10-10T21:15:00Z
ET8,280,2022-10-11T21:30:00Z,2022-10-12T01:15:00Z
ET8,281,2022-10-13T18:30:00Z,2022-10-14T04:15:00Z
ET8,282,2022-10-14T22:30:00Z,2022-10-15T05:30:00Z
ET8,283,2022-10-16T00:45:00Z,2022-10-16T04:15:00Z
ET8,284,2022-10-17T22:30:00Z,2022-10-18T02:00:00Z
ET8,285,2022-11-01T00:45:00Z,2022-11-01T05:30:00Z
ET8,286,2022-11-10T23:45:00Z,2022-11-11T04:00:00Z
ET8,287,2022-11-13T02:45:00Z,2022-11-13T05:45:00Z
ET8,288,2022-11-14T00:45:00Z,2022-11-14T03:45:00Z
ET8,289,2022-11-16T01:15:00Z,2022-11-16T05:45:00Z
ET8,290,2022-11-18T02:00:00Z,2022-11-18T05:00:00Z
ET8,291,2022-11-21T23:45:00Z,2022-11-22T04:30:00Z
ET8,292,2022-11-25T23:15:00Z,2022-11-26T03:00:00Z
ET8,293,2022-11-27T22:45:00Z,2022-11-28T03:15:00Z
ET8,294,2022-11-28T22:45:00Z,2022-11-29T04:00:00Z
ET8,295,2022-11-29T21:45:00Z,2022-11-30T05:00:00Z
ET8,296,2022-12-02T00:45:00Z,2022-12-02T04:45:00Z
ET8,297,2022-12-03T17:45:00Z,2022-12-03T22:15:00Z
ET8,298,2022-12-04T02:00:00Z,2022-12-04T05:00:00Z
ET8,299,2022-12-04T19:45:00Z,2022-12-05T00:45:00Z
ET8,300,2022-12-06T21:45:00Z,2022-12-07T01:30:00Z
ET8,301,2022-12-17T00:15:00Z,2022-12-17T03:15:00Z
ET8,302,2022-12-27T19:15:00Z,2022-12-27T22:45:00Z
ET8,303,2022-12-28T21:45:00Z,2022-12-29T03:00:00Z
ET8,304,2023-01-11T21:30:00Z,2023-01-12T01:00:00Z
ET8,305,2023-01-18T00:45:00Z,2023-01-18T04:00:00Z
ET8,306,2023-02-18T01:00:00Z,2023-02-18T04:00:00Z
ET8,307,2023-03-08T19:30:00Z,2023-03-08T23:00:00Z
ET8,308,2023-03-20T19:15:00Z,2023-03-20T22:30:00Z
ET8,309,2023-04-30T02:15:00Z,2023-04-30T05:15:00Z
ET8,310,2023-05-01T20:45:00Z,2023-05-02T00:45:00Z
ET8,311,2023-06-18T01:30:00Z,2023-06-18T05:30:00Z
ET8,312,2023-06-20T01:15:00Z,2023-06-20T05:30:00Z
ET8,313,2023-06-27T19:45:00Z,2023-06-28T03:30:00Z
ET8,314,2023-07-05T19:15:00Z,2023-07-06T03:15:00Z
ET8,315,2023-07-08T20:30:00Z,2023-07-09T00:30:00Z
FB1,316,2022-06-26T18:15:00Z,2022-06-27T05:30:00Z
FB1,317,2022-06-28T00:15:00Z,2022-06-28T05:30:00Z
FB1,318,2022-07-03T22:30:00Z,2022-07-04T01:45:00Z
FB1,319,2022-07-04T19:00:00Z,2022-07-05T05:30:00Z
FB1,320,2022-07-08T00:00:00Z,2022-07-08T05:30:00Z
FB1,321,2022-07-09T21:45:00Z,2022-07-10T02:45:00Z
FB1,322,2022-07-12T01:30:00Z,2022-07-12T05:30:00Z
FB1,323,2022-07-15T18:30:00Z,2022-07-15T21:30:00Z
FB1,324,2022-07-20T00:15:00Z,2022-07-20T05:45:00Z
FB1,325,2022-07-23T18:15:00Z,2022-07-23T22:45:00Z
FB1,326,2022-07-27T02:00:00Z,2022-07-27T05:30:00Z
FB1,327,2022-07-29T01:00:00Z,2022-07-29T05:30:00Z
FB1,328,2022-07-29T18:15:00Z,2022-07-29T21:45:00Z
FB1,329,2022-07-31T23:15:00Z,2022-08-01T02:45:00Z
FB1,330,2022-08-06T18:30:00Z,2022-08-07T02:15:00Z
FB1,331,2022-08-13T19:30:00Z,2022-08-13T22:45:00Z
FB1,332,2022-08-17T01:15:00Z,2022-08-17T04:30:00Z
FB1,333,2022-08-20T01:15:00Z,2022-08-20T05:15:00Z
FB1,334,2022-08-20T19:15:00Z,2022-08-21T01:00:00Z
FB1,335,2022-08-22T01:00:00Z,2022-08-22T04:30:00Z
FB1,336,2022-09-12T00:45:00Z,2022-09-12T05:30:00Z
FB1,337,2022-09-30T00:15:00Z,2022-09-30T05:30:00Z
FB1,338,2022-10-03T17:45:00Z,2022-10-03T22:00:00Z
FB1,339,2022-10-06T17:45:00Z,2022-10-06T20:45:00Z
FB1,340,2022-10-24T01:15:00Z,2022-10-24T05:30:00Z
FB1,341,2022-10-26T17:30:00Z,2022-10-26T23:30:00Z
FB1,342,2022-10-31T17:45:00Z,2022-10-31T21:30:00Z
FB1,343,2022-11-03T21:00:00Z,2022-11-04T05:30:00Z
FB1,344,2022-11-08T02:00:00Z,2022-11-08T05:30:00Z
FB1,345,2022-12-01T22:15:00Z,2022-12-02T03:30:00Z
FB1,346,2022-12-04T17:30:00Z,2022-12-04T20:30:00Z
FB1,347,2022-12-05T01:00:00Z,2022-12-05T05:45:00Z
FB1,348,2022-12-05T19:00:00Z,2022-12-06T05:00:00Z
FB1,349,2022-12-08T02:30:00Z,2022-12-08T06:15:00Z
FB1,350,2022-12-08T17:30:00Z,2022-12-09T00:15:00Z
FB1,351,2022-12-12T17:30:00Z,2022-12-13T00:30:00Z
FB1,352,2022-12-14T19:15:00Z,2022-12-15T06:00:00Z
FB1,353,2022-12-16T21:00:00Z,2022-12-17T01:30:00Z
FB1,354,2022-12-26T01:15:00Z,2022-12-26T04:15:00Z
FB1,355,2022-12-27T23:45:00Z,2022-12-28T03:15:00Z
FB1,356,2022-12-28T22:30:00Z,2022-12-29T06:00:00Z
FB1,357,2023-01-08T02:00:00Z,2023-01-08T06:00:00Z
FB1,358,2023-01-09T21:30:00Z,2023-01-10T06:00:00Z
FB1,359,2023-01-10T23:45:00Z,2023-01-11T06:00:00Z
FB1,360,2023-01-13T18:00:00Z,2023-01-14T03:00:00Z
FB1,361,2023-01-19T20:45:00Z,2023-01-20T02:30:00Z
FB1,362,2023-01-28T18:00:00Z,2023-01-28T21:30:00Z
FB1,363,2023-02-18T19:00:00Z,2023-02-18T22:15:00Z
FB1,364,2023-02-22T18:00:00Z,2023-02-22T22:45:00Z
FB1,365,2023-02-23T03:00:00Z,2023-02-23T06:00:00Z
FB1,366,2023-03-01T23:30:00Z,2023-03-02T06:00:00Z
FB1,367,2023-03-02T18:00:00Z,2023-03-03T00:00:00Z
FB1,368,2023-03-03T21:30:00Z,2023-03-04T05:45:00Z
FB1,369,2023-03-07T22:45:00Z,2023-03-08T03:30:00Z
FB1,370,2023-03-08T18:00:00Z,2023-03-09T04:30:00Z
FB1,371,2023-03-18T00:00:00Z,2023-03-18T05:45:00Z
FB1,372,2023-03-19T18:15:00Z,2023-03-19T21:45:00Z
FB1,373,2023-03-21T00:15:00Z,2023-03-21T04:45:00Z
FB1,374,2023-04-01T20:45:00Z,2023-04-02T01:30:00Z
FB1,375,2023-04-11T18:15:00Z,2023-04-12T05:30:00Z
FB1,376,2023-04-12T18:15:00Z,2023-04-12T22:30:00Z
FB1,377,2023-04-16T01:30:00Z,2023-04-16T05:00:00Z
FB1,378,2023-04-20T18:30:00Z,2023-04-21T00:00:00Z
FB1,379,2023-05-02T01:15:00Z,2023-05-02T05:15:00Z
FB1,380,2023-05-03T20:15:00Z,2023-05-04T00:00:00Z
FB1,381,2023-05-05T18:45:00Z,2023-05-05T23:00:00Z
FB1,382,2023-05-22T18:45:00Z,2023-05-22T22:00:00Z
FB1,383,2023-06-03T18:15:00Z,2023-06-03T22:00:00Z
FB1,384,2023-06-06T18:15:00Z,2023-06-06T22:45:00Z
FB1,385,2023-06-11T18:15:00Z,2023-06-12T05:30:00Z
FB2,386,2022-06-27T21:15:00Z,2022-06-28T05:30:00Z
FB2,387,2022-07-03T20:00:00Z,2022-07-04T02:00:00Z
FB2,388,2022-07-12T21:30:00Z,2022-07-13T04:45:00Z
FB2,389,2022-07-23T18:00:00Z,2022-07-23T22:45:00Z
FB2,390,2022-07-27T01:15:00Z,2022-07-27T05:30:00Z
FB2,391,2022-07-28T23:30:00Z,2022-07-29T05:45:00Z
FB2,392,2022-07-29T18:00:00Z,2022-07-29T23:00:00Z
FB2,393,2022-08-03T22:30:00Z,2022-08-04T05:30:00Z
FB2,394,2022-08-12T22:30:00Z,2022-08-13T05:45:00Z
FB2,395,2022-08-13T18:15:00Z,2022-08-14T00:15:00Z
FB2,396,2022-08-15T18:00:00Z,2022-08-15T22:00:00Z
FB2,397,2022-08-17T00:30:00Z,2022-08-17T05:45:00Z
FB2,398,2022-08-20T18:15:00Z,2022-08-21T02:15:00Z
FB2,399,2022-08-21T18:00:00Z,2022-08-21T21:00:00Z
FB2,400,2022-08-22T00:30:00Z,2022-08-22T05:45:00Z
FB2,401,2022-08-24T00:00:00Z,2022-08-24T05:30:00Z
FB2,402,2022-08-25T00:45:00Z,2022-08-25T04:00:00Z
FB2,403,2022-08-25T23:45:00Z,2022-08-26T05:45:00Z
FB2,404,2022-08-27T22:15:00Z,2022-08-28T05:30:00Z
FB2,405,2022-08-28T23:00:00Z,2022-08-29T02:30:00Z
FB2,406,2022-08-31T02:15:00Z,2022-08-31T05:30:00Z
FB2,407,2022-08-31T23:00:00Z,2022-09-01T04:00:00Z
FB2,408,2022-09-07T00:30:00Z,2022-09-07T05:30:00Z
FB2,409,2022-09-07T23:15:00Z,2022-09-08T05:45:00Z
FB2,410,2022-09-10T21:00:00Z,2022-09-11T01:15:00Z
FB2,411,2022-09-12T00:30:00Z,2022-09-12T05:30:00Z
FB2,412,2022-09-23T01:45:00Z,2022-09-23T04:45:00Z
FB2,413,2022-09-25T01:15:00Z,2022-09-25T05:30:00Z
FB2,414,2022-10-03T17:45:00Z,2022-10-03T22:00:00Z
FB2,415,2022-10-06T17:30:00Z,2022-10-06T21:45:00Z
FB2,416,2022-10-19T02:30:00Z,2022-10-19T05:30:00Z
FB2,417,2022-10-20T00:45:00Z,2022-10-20T05:30:00Z
FB2,418,2022-10-23T22:30:00Z,2022-10-24T05:30:00Z
FB2,419,2022-10-26T17:15:00Z,2022-10-27T01:45:00Z
FB2,420,2022-10-27T22:45:00Z,2022-10-28T05:30:00Z
FB2,421,2022-10-28T17:30:00Z,2022-10-28T20:45:00Z
FB2,422,2022-10-30T17:30:00Z,2022-10-30T21:00:00Z
FB2,423,2022-10-31T18:00:00Z,2022-10-31T21:45:00Z
FB2,424,2022-11-03T22:45:00Z,2022-11-04T06:00:00Z
FB2,425,2022-11-08T00:45:00Z,2022-11-08T03:45:00Z
FB2,426,2022-11-09T23:45:00Z,2022-11-10T05:45:00Z
FB2,427,2022-11-22T17:15:00Z,2022-11-22T20:45:00Z
FB2,428,2022-11-22T21:30:00Z,2022-11-23T05:45:00Z
FB2,429,2022-12-04T17:30:00Z,2022-12-04T20:45:00Z
FB2,430,2022-12-05T18:00:00Z,2022-12-06T05:15:00Z
FB2,431,2022-12-07T17:30:00Z,2022-12-07T20:45:00Z
FB2,432,2022-12-07T22:30:00Z,2022-12-08T06:30:00Z
FB2,433,2022-12-08T17:30:00Z,2022-12-09T00:30:00Z
FB2,434,2022-12-11T01:30:00Z,2022-12-11T06:15:00Z
FB2,435,2022-12-12T17:30:00Z,2022-12-13T01:15:00Z
FB2,436,2022-12-14T19:15:00Z,2022-12-15T06:00:00Z
FB2,437,2022-12-18T23:30:00Z,2022-12-19T06:15:00Z
FB2,438,2022-12-21T20:30:00Z,2022-12-22T01:00:00Z
FB2,439,2022-12-22T03:00:00Z,2022-12-22T06:00:00Z
FB2,440,2022-12-24T17:45:00Z,2022-12-24T23:00:00Z
FB2,441,2022-12-26T00:45:00Z,2022-12-26T06:15:00Z
FB2,442,2022-12-26T17:30:00Z,2022-12-27T06:00:00Z
FB2,443,2022-12-27T23:30:00Z,2022-12-28T06:00:00Z
FB2,444,2023-01-04T01:00:00Z,2023-01-04T06:15:00Z
FB2,445,2023-01-04T19:00:00Z,2023-01-05T06:15:00Z
FB2,446,2023-01-05T17:45:00Z,2023-01-05T23:15:00Z
FB2,447,2023-01-06T01:30:00Z,2023-01-06T05:00:00Z
FB2,448,2023-01-12T20:30:00Z,2023-01-12T23:30:00Z
FB2,449,2023-01-13T23:00:00Z,2023-01-14T03:15:00Z
FB2,450,2023-01-19T18:00:00Z,2023-01-20T06:15:00Z
FB2,451,2023-01-21T18:00:00Z,2023-01-21T22:00:00Z
FB2,452,2023-01-21T23:45:00Z,2023-01-22T03:15:00Z
FB2,453,2023-01-28T17:45:00Z,2023-01-28T23:00:00Z
FB2,454,2023-01-31T18:30:00Z,2023-02-01T01:45:00Z
FB2,455,2023-02-04T20:30:00Z,2023-02-05T01:15:00Z
FB2,456,2023-02-11T18:00:00Z,2023-02-12T00:45:00Z
FB2,457,2023-02-18T18:15:00Z,2023-02-18T22:15:00Z
FB2,458,2023-02-22T17:30:00Z,2023-02-23T01:45:00Z
FB2,459,2023-02-23T02:30:00Z,2023-02-23T06:15:00Z
FB2,460,2023-02-28T17:45:00Z,2023-02-28T21:00:00Z
FB2,461,2023-03-01T17:45:00Z,2023-03-02T06:15:00Z
FB2,462,2023-03-02T18:00:00Z,2023-03-03T06:00:00Z
FB2,463,2023-03-03T18:15:00Z,2023-03-04T06:00:00Z
FB2,464,2023-03-08T00:00:00Z,2023-03-08T05:15:00Z
FB2,465,2023-03-08T18:00:00Z,2023-03-09T05:15:00Z
FB2,466,2023-03-13T02:15:00Z,2023-03-13T05:45:00Z
FB2,467,2023-03-15T01:00:00Z,2023-03-15T04:15:00Z
FB2,468,2023-03-17T18:30:00Z,2023-03-17T23:15:00Z
FB2,469,2023-03-18T00:15:00Z,2023-03-18T06:00:00Z
FB2,470,2023-03-19T18:15:00Z,2023-03-19T22:00:00Z
FB2,471,2023-03-21T23:30:00Z,2023-03-22T02:30:00Z
FB2,472,2023-03-29T18:15:00Z,2023-03-29T23:45:00Z
FB2,473,2023-04-01T22:00:00Z,2023-04-02T01:45:00Z
FB2,474,2023-04-11T18:30:00Z,2023-04-12T06:00:00Z
FB2,475,2023-04-12T18:30:00Z,2023-04-13T00:45:00Z
FB2,476,2023-04-14T18:00:00Z,2023-04-15T00:45:00Z
FB2,477,2023-04-15T18:00:00Z,2023-04-15T21:00:00Z
FB2,478,2023-04-16T01:15:00Z,2023-04-16T05:30:00Z
FB2,479,2023-04-16T18:15:00Z,2023-04-16T23:30:00Z
FB2,480,2023-04-20T18:45:00Z,2023-04-21T01:15:00Z
FB2,481,2023-05-03T19:45:00Z,2023-05-04T01:30:00Z
FB2,482,2023-05-05T18:30:00Z,2023-05-06T00:30:00Z
FB2,483,2023-05-09T19:30:00Z,2023-05-09T23:45:00Z
FB2,484,2023-05-11T20:30:00Z,2023-05-12T03:30:00Z
FB2,485,2023-05-18T18:30:00Z,2023-05-18T21:45:00Z
FB2,486,2023-05-22T19:15:00Z,2023-05-22T22:30:00Z
FB2,487,2023-06-03T18:30:00Z,2023-06-03T22:00:00Z
FB3,488,2022-06-09T23:30:00Z,2022-06-10T05:00:00Z
FB3,489,2022-06-25T00:45:00Z,2022-06-25T04:45:00Z
FB3,490,2022-06-28T02:30:00Z,2022-06-28T05:30:00Z
FB3,491,2022-07-05T02:30:00Z,2022-07-05T05:45:00Z
FB3,492,2022-07-06T00:00:00Z,2022-07-06T05:30:00Z
FB3,493,2022-07-09T23:15:00Z,2022-07-10T05:30:00Z
FB3,494,2022-07-19T22:45:00Z,2022-07-20T05:45:00Z
FB3,495,2022-07-29T18:00:00Z,2022-07-29T21:45:00Z
FB3,496,2022-08-06T21:30:00Z,2022-08-07T00:45:00Z
FB3,497,2022-08-09T23:15:00Z,2022-08-10T02:30:00Z
FB3,498,2022-08-13T00:30:00Z,2022-08-13T05:45:00Z
FB3,499,2022-08-19T22:45:00Z,2022-08-20T02:30:00Z
FB3,500,2022-08-20T19:30:00Z,2022-08-20T23:00:00Z
FB3,501,2022-08-24T00:15:00Z,2022-08-24T05:00:00Z
FB3,502,2022-09-01T18:30:00Z,2022-09-01T21:45:00Z
FB3,503,2022-09-02T00:00:00Z,2022-09-02T03:45:00Z
FB3,504,2022-09-03T23:15:00Z,2022-09-04T03:00:00Z
FB3,505,2022-09-16T00:45:00Z,2022-09-16T04:00:00Z
FB3,506,2022-09-29T01:45:00Z,2022-09-29T05:30:00Z
FB3,507,2022-09-30T00:45:00Z,2022-09-30T03:45:00Z
FB3,508,2022-10-02T23:45:00Z,2022-10-03T03:00:00Z
FB3,509,2022-10-05T19:00:00Z,2022-10-06T05:15:00Z
FB3,510,2022-10-12T00:00:00Z,2022-10-12T04:45:00Z
FB3,511,2022-10-13T23:30:00Z,2022-10-14T03:15:00Z
FB3,512,2022-10-14T22:45:00Z,2022-10-15T05:30:00Z
FB3,513,2022-10-15T23:15:00Z,2022-10-16T05:30:00Z
FB3,514,2022-10-17T00:45:00Z,2022-10-17T04:45:00Z
FB3,515,2022-10-22T22:00:00Z,2022-10-23T05:15:00Z
FB3,516,2022-10-23T17:45:00Z,2022-10-23T21:15:00Z
FB3,517,2022-10-24T20:15:00Z,2022-10-24T23:30:00Z
FB3,518,2022-10-25T00:00:00Z,2022-10-25T05:30:00Z
FB3,519,2022-10-31T17:30:00Z,2022-10-31T21:45:00Z
FB3,520,2022-11-03T21:15:00Z,2022-11-04T02:00:00Z
FB3,521,2022-11-04T02:45:00Z,2022-11-04T05:45:00Z
FB3,522,2022-11-04T18:30:00Z,2022-11-04T22:15:00Z
FB3,523,2022-11-13T19:45:00Z,2022-11-14T04:30:00Z
FB3,524,2022-11-16T22:30:00Z,2022-11-17T01:30:00Z
FB3,525,2022-11-25T01:15:00Z,2022-11-25T05:45:00Z
FB3,526,2022-11-26T00:30:00Z,2022-11-26T05:45:00Z
FB3,527,2022-11-27T23:15:00Z,2022-11-28T02:30:00Z
FB3,528,2022-11-29T00:15:00Z,2022-11-29T03:30:00Z
FB3,529,2022-11-29T22:15:00Z,2022-11-30T03:00:00Z
FB3,530,2022-12-01T22:45:00Z,2022-12-02T03:15:00Z
FB3,531,2022-12-03T19:15:00Z,2022-12-03T22:45:00Z
FB3,532,2022-12-04T02:15:00Z,2022-12-04T05:45:00Z
FB3,533,2022-12-05T19:00:00Z,2022-12-05T22:15:00Z
FB3,534,2022-12-07T02:30:00Z,2022-12-07T06:00:00Z
FB3,535,2022-12-07T17:30:00Z,2022-12-07T20:30:00Z
FB3,536,2022-12-07T21:45:00Z,2022-12-08T01:15:00Z
FB3,537,2022-12-08T02:00:00Z,2022-12-08T06:15:00Z
FB3,538,2022-12-08T17:30:00Z,2022-12-09T00:15:00Z
FB3,539,2022-12-09T02:30:00Z,2022-12-09T05:30:00Z
FB3,540,2023-01-07T23:45:00Z,2023-01-08T05:15:00Z
FB3,541,2023-01-09T20:00:00Z,2023-01-10T06:15:00Z
FB3,542,2023-01-11T01:45:00Z,2023-01-11T06:15:00Z
FB3,543,2023-01-11T23:45:00Z,2023-01-12T04:00:00Z
FB3,544,2023-01-13T19:15:00Z,2023-01-14T03:00:00Z
FB3,545,2023-01-19T18:00:00Z,2023-01-19T23:00:00Z
FB3,546,2023-01-22T23:30:00Z,2023-01-23T02:30:00Z
FB3,547,2023-01-25T00:15:00Z,2023-01-25T05:30:00Z
FB3,548,2023-02-09T02:00:00Z,2023-02-09T06:15:00Z
FB3,549,2023-02-09T21:15:00Z,2023-02-10T00:15:00Z
FB3,550,2023-02-20T02:45:00Z,2023-02-20T06:15:00Z
FB3,551,2023-02-22T17:45:00Z,2023-02-22T21:45:00Z
FB3,552,2023-02-23T21:15:00Z,2023-02-24T01:00:00Z
FB3,553,2023-02-26T21:15:00Z,2023-02-27T06:00:00Z
FB3,554,2023-02-28T23:15:00Z,2023-03-01T06:00:00Z
FB3,555,2023-03-01T18:00:00Z,2023-03-02T06:15:00Z
FB3,556,2023-03-02T18:00:00Z,2023-03-03T01:15:00Z
FB3,557,2023-03-08T18:00:00Z,2023-03-08T23:30:00Z
FB3,558,2023-03-18T00:30:00Z,2023-03-18T05:45:00Z
FB3,559,2023-03-29T00:30:00Z,2023-03-29T05:45:00Z
FB3,560,2023-04-01T22:00:00Z,2023-04-02T01:30:00Z
FB3,561,2023-04-05T22:00:00Z,2023-04-06T02:15:00Z
FB3,562,2023-04-09T01:30:00Z,2023-04-09T04:45:00Z
FB3,563,2023-04-11T18:00:00Z,2023-04-11T21:15:00Z
FB3,564,2023-04-12T18:15:00Z,2023-04-13T02:45:00Z
FB3,565,2023-04-20T20:00:00Z,2023-04-20T23:30:00Z
FB3,566,2023-04-30T00:45:00Z,2023-04-30T04:15:00Z
FB3,567,2023-05-01T23:30:00Z,2023-05-02T03:30:00Z
FB3,568,2023-05-03T00:30:00Z,2023-05-03T05:30:00Z
FB3,569,2023-05-05T19:00:00Z,2023-05-05T22:45:00Z
FB3,570,2023-05-09T18:45:00Z,2023-05-09T23:15:00Z
FB3,571,2023-06-03T18:15:00Z,2023-06-03T22:00:00Z
FB4,572,2022-06-26T19:15:00Z,2022-06-26T22:15:00Z
FB4,573,2022-06-28T02:30:00Z,2022-06-28T05:45:00Z
FB4,574,2022-07-03T22:30:00Z,2022-07-04T01:45:00Z
FB4,575,2022-07-04T21:15:00Z,2022-07-05T05:45:00Z
FB4,576,2022-07-06T00:00:00Z,2022-07-06T05:30:00Z
FB4,577,2022-07-09T23:00:00Z,2022-07-10T05:45:00Z
FB4,578,2022-07-19T23:00:00Z,2022-07-20T05:45:00Z
FB4,579,2022-07-29T18:00:00Z,2022-07-29T21:45:00Z
FB4,580,2022-08-06T21:00:00Z,2022-08-07T00:45:00Z
FB4,581,2022-08-13T00:00:00Z,2022-08-13T05:45:00Z
FB4,582,2022-08-20T19:30:00Z,2022-08-20T23:00:00Z
FB4,583,2022-08-24T00:15:00Z,2022-08-24T05:30:00Z
FB4,584,2022-09-02T00:00:00Z,2022-09-02T03:30:00Z
FB4,585,2022-09-03T23:15:00Z,2022-09-04T03:00:00Z
FB4,586,2022-09-07T22:00:00Z,2022-09-08T01:15:00Z
FB4,587,2022-09-10T22:15:00Z,2022-09-11T01:15:00Z
FB4,588,2022-09-12T00:45:00Z,2022-09-12T04:45:00Z
FB4,589,2022-09-23T18:30:00Z,2022-09-23T21:30:00Z
FB4,590,2022-09-25T20:30:00Z,2022-09-26T02:00:00Z
FB4,591,2022-09-30T00:45:00Z,2022-09-30T03:45:00Z
FB4,592,2022-10-02T23:45:00Z,2022-10-03T05:30:00Z
FB4,593,2022-10-03T17:45:00Z,2022-10-03T21:45:00Z
FB4,594,2022-10-05T23:45:00Z,2022-10-06T03:15:00Z
FB4,595,2022-10-12T17:15:00Z,2022-10-12T20:30:00Z
FB4,596,2022-10-14T22:45:00Z,2022-10-15T05:15:00Z
FB4,597,2022-10-31T17:30:00Z,2022-10-31T21:45:00Z
FB4,598,2022-11-01T02:45:00Z,2022-11-01T05:45:00Z
FB4,599,2022-11-03T21:30:00Z,2022-11-04T01:45:00Z
FB4,600,2022-11-04T03:00:00Z,2022-11-04T06:00:00Z
FB4,601,2022-11-13T22:45:00Z,2022-11-14T04:15:00Z
FB4,602,2022-11-26T02:00:00Z,2022-11-26T05:45:00Z
FB4,603,2022-11-29T23:15:00Z,2022-11-30T03:00:00Z
FB4,604,2022-12-01T23:45:00Z,2022-12-02T03:15:00Z
FB4,605,2022-12-03T19:00:00Z,2022-12-03T22:45:00Z
FB4,606,2022-12-04T17:30:00Z,2022-12-04T20:30:00Z
FB4,607,2022-12-07T02:15:00Z,2022-12-07T05:45:00Z
FB4,608,2022-12-07T21:00:00Z,2022-12-08T01:15:00Z
FB4,609,2022-12-08T01:45:00Z,2022-12-08T06:15:00Z
FB4,610,2022-12-08T17:30:00Z,2022-12-08T23:15:00Z
FB4,611,2022-12-09T01:45:00Z,2022-12-09T05:30:00Z
FB4,612,2022-12-12T17:30:00Z,2022-12-12T23:30:00Z
FB4,613,2022-12-14T19:15:00Z,2022-12-14T22:45:00Z
FB4,614,2022-12-16T00:00:00Z,2022-12-16T04:45:00Z
FB4,615,2022-12-16T22:00:00Z,2022-12-17T03:15:00Z
FB4,616,2022-12-17T20:30:00Z,2022-12-18T02:30:00Z
FB4,617,2023-01-09T21:45:00Z,2023-01-10T06:15:00Z
FB4,618,2023-01-11T01:15:00Z,2023-01-11T06:15:00Z
FB4,619,2023-01-13T19:00:00Z,2023-01-14T03:15:00Z
FB4,620,2023-01-19T17:45:00Z,2023-01-19T23:00:00Z
FB4,621,2023-01-23T01:30:00Z,2023-01-23T05:15:00Z
FB4,622,2023-01-25T02:30:00Z,2023-01-25T06:15:00Z
FB4,623,2023-01-30T21:15:00Z,2023-01-31T00:15:00Z
FB4,624,2023-02-09T02:30:00Z,2023-02-09T06:30:00Z
FB4,625,2023-02-09T21:15:00Z,2023-02-10T00:15:00Z
FB4,626,2023-02-18T02:00:00Z,2023-02-18T06:15:00Z
FB4,627,2023-02-20T03:15:00Z,2023-02-20T06:15:00Z
FB4,628,2023-02-22T17:45:00Z,2023-02-22T22:30:00Z
FB4,629,2023-02-23T22:00:00Z,2023-02-24T01:00:00Z
FB4,630,2023-02-26T21:45:00Z,2023-02-27T06:00:00Z
FB4,631,2023-03-01T00:30:00Z,2023-03-01T06:00:00Z
FB4,632,2023-03-01T18:00:00Z,2023-03-02T06:15:00Z
FB4,633,2023-03-02T18:00:00Z,2023-03-03T01:15:00Z
FB4,634,2023-03-03T18:15:00Z,2023-03-04T00:15:00Z
FB4,635,2023-03-04T01:15:00Z,2023-03-04T06:00:00Z
FB4,636,2023-03-05T21:15:00Z,2023-03-06T02:15:00Z
FB4,637,2023-03-08T18:00:00Z,2023-03-08T23:30:00Z
FB4,638,2023-03-11T17:30:00Z,2023-03-11T22:30:00Z
FB4,639,2023-03-17T19:15:00Z,2023-03-17T23:15:00Z
FB4,640,2023-03-18T00:30:00Z,2023-03-18T05:45:00Z
FB4,641,2023-03-27T02:30:00Z,2023-03-27T06:00:00Z
FB4,642,2023-03-29T02:30:00Z,2023-03-29T06:00:00Z
FB4,643,2023-04-01T21:15:00Z,2023-04-02T01:30:00Z
FB4,644,2023-04-05T19:15:00Z,2023-04-06T02:15:00Z
FB4,645,2023-04-07T01:30:00Z,2023-04-07T05:45:00Z
FB4,646,2023-04-08T21:30:00Z,2023-04-09T05:00:00Z
FB4,647,2023-04-11T18:00:00Z,2023-04-11T21:45:00Z
FB4,648,2023-04-12T18:30:00Z,2023-04-13T03:30:00Z
FB4,649,2023-04-15T17:45:00Z,2023-04-15T21:00:00Z
FB4,650,2023-04-16T18:00:00Z,2023-04-16T22:45:00Z
FB4,651,2023-04-20T20:00:00Z,2023-04-20T23:30:00Z
FB4,652,2023-04-29T23:15:00Z,2023-04-30T04:15:00Z
FB4,653,2023-05-01T23:15:00Z,2023-05-02T04:15:00Z
FB4,654,2023-05-03T01:15:00Z,2023-05-03T05:30:00Z
FB4,655,2023-05-05T19:00:00Z,2023-05-05T22:45:00Z
FB4,656,2023-05-09T18:45:00Z,2023-05-09T23:00:00Z
FB4,657,2023-05-13T22:45:00Z,2023-05-14T02:00:00Z
FB4,658,2023-05-20T01:45:00Z,2023-05-20T05:30:00Z
FB4,659,2023-05-22T18:15:00Z,2023-05-22T21:45:00Z
FB4,660,2023-05-30T02:15:00Z,2023-05-30T05:15:00Z
FB4,661,2023-06-03T18:15:00Z,2023-06-03T22:15:00Z
FB4,662,2023-06-05T01:00:00Z,2023-06-05T05:15:00Z
FB4,663,2023-06-06T18:00:00Z,2023-06-06T22:45:00Z
FB4,664,2023-06-11T18:00:00Z,2023-06-12T05:30:00Z
FB5,665,2022-06-23T01:00:00Z,2022-06-23T06:00:00Z
FB5,666,2022-06-25T00:45:00Z,2022-06-25T05:30:00Z
FB5,667,2022-06-26T17:45:00Z,2022-06-26T22:30:00Z
FB5,668,2022-06-27T02:30:00Z,2022-06-27T06:00:00Z
FB5,669,2022-06-28T00:45:00Z,2022-06-28T05:45:00Z
FB5,670,2022-06-29T02:15:00Z,2022-06-29T05:30:00Z
FB5,671,2022-07-02T18:00:00Z,2022-07-02T21:00:00Z
FB5,672,2022-07-03T22:30:00Z,2022-07-04T02:00:00Z
FB5,673,2022-07-04T19:00:00Z,2022-07-05T05:45:00Z
FB5,674,2022-07-05T19:00:00Z,2022-07-06T05:45:00Z
FB5,675,2022-08-18T01:00:00Z,2022-08-18T04:00:00Z
FB5,676,2022-08-19T23:00:00Z,2022-08-20T04:30:00Z
FB5,677,2022-08-20T19:15:00Z,2022-08-21T00:00:00Z
FB5,678,2022-08-23T18:15:00Z,2022-08-23T23:45:00Z
FB5,679,2022-08-25T02:30:00Z,2022-08-25T05:30:00Z
FB5,680,2022-08-26T19:30:00Z,2022-08-27T02:30:00Z
FB5,681,2022-08-27T18:00:00Z,2022-08-27T22:30:00Z
FB5,682,2022-09-01T17:30:00Z,2022-09-01T22:15:00Z
FB5,683,2022-09-01T22:45:00Z,2022-09-02T03:45:00Z
FB5,684,2022-09-03T23:00:00Z,2022-09-04T03:15:00Z
FB5,685,2022-09-06T22:30:00Z,2022-09-07T05:45:00Z
FB5,686,2022-09-12T00:45:00Z,2022-09-12T05:00:00Z
FB5,687,2022-09-16T00:30:00Z,2022-09-16T06:00:00Z
FB5,688,2022-09-16T23:15:00Z,2022-09-17T05:15:00Z
FB5,689,2022-09-29T01:45:00Z,2022-09-29T05:30:00Z
FB5,690,2022-09-30T00:45:00Z,2022-09-30T04:30:00Z
FB5,691,2022-10-03T17:45:00Z,2022-10-03T21:00:00Z
FB5,692,2022-10-05T19:00:00Z,2022-10-06T05:30:00Z
FB5,693,2022-10-06T17:30:00Z,2022-10-06T21:15:00Z
FB5,694,2022-10-12T00:30:00Z,2022-10-12T04:45:00Z
FB5,695,2022-10-12T17:15:00Z,2022-10-13T00:00:00Z
FB5,696,2022-10-13T20:45:00Z,2022-10-14T02:30:00Z
FB5,697,2022-10-15T00:15:00Z,2022-10-15T04:15:00Z
FB5,698,2022-10-16T01:15:00Z,2022-10-16T05:30:00Z
FB5,699,2022-10-17T21:45:00Z,2022-10-18T02:00:00Z
FB5,700,2022-10-23T17:45:00Z,2022-10-23T22:15:00Z
FB5,701,2022-10-24T01:15:00Z,2022-10-24T05:30:00Z
FB5,702,2022-10-24T17:15:00Z,2022-10-25T05:30:00Z
FB5,703,2022-10-26T17:15:00Z,2022-10-26T20:15:00Z
FB5,704,2022-10-31T17:30:00Z,2022-10-31T21:45:00Z
FB5,705,2022-11-03T00:45:00Z,2022-11-03T05:30:00Z
FB5,706,2022-11-03T21:00:00Z,2022-11-04T06:00:00Z
FB5,707,2022-11-04T18:30:00Z,2022-11-04T21:30:00Z
FB5,708,2022-11-07T17:00:00Z,2022-11-07T20:15:00Z
FB5,709,2022-11-08T02:00:00Z,2022-11-08T05:30:00Z
FB5,710,2022-11-13T20:30:00Z,2022-11-14T05:45:00Z
FB5,711,2022-11-14T22:15:00Z,2022-11-15T02:30:00Z
FB5,712,2022-11-16T22:15:00Z,2022-11-17T05:30:00Z
FB5,713,2022-11-21T21:45:00Z,2022-11-22T01:00:00Z
FB5,714,2022-11-25T01:15:00Z,2022-11-25T05:45:00Z
FB5,715,2022-11-26T00:45:00Z,2022-11-26T06:00:00Z
FB5,716,2022-11-27T23:30:00Z,2022-11-28T02:30:00Z
FB5,717,2022-11-29T22:15:00Z,2022-11-30T03:00:00Z
FB5,718,2022-12-01T21:45:00Z,2022-12-02T03:15:00Z
FB5,719,2022-12-04T17:30:00Z,2022-12-04T20:30:00Z
FB5,720,2022-12-05T19:00:00Z,2022-12-05T22:30:00Z
FB5,721,2022-12-07T22:00:00Z,2022-12-08T01:15:00Z
FB5,722,2022-12-08T02:15:00Z,2022-12-08T06:30:00Z
FB5,723,2022-12-08T19:45:00Z,2022-12-09T00:15:00Z
FB5,724,2022-12-12T17:30:00Z,2022-12-12T23:30:00Z
FB5,725,2022-12-14T19:15:00Z,2022-12-14T22:45:00Z
FB5,726,2022-12-15T01:30:00Z,2022-12-15T06:00:00Z
FB5,727,2022-12-16T01:00:00Z,2022-12-16T04:45:00Z
FB5,728,2022-12-16T21:15:00Z,2022-12-17T01:30:00Z
FB5,729,2022-12-17T20:15:00Z,2022-12-17T23:15:00Z
FB5,730,2022-12-26T18:30:00Z,2022-12-26T21:30:00Z
FB5,731,2022-12-27T23:15:00Z,2022-12-28T02:45:00Z
FB5,732,2022-12-29T01:00:00Z,2022-12-29T06:15:00Z
FB5,733,2023-01-08T00:15:00Z,2023-01-08T06:15:00Z
FB5,734,2023-01-09T20:45:00Z,2023-01-10T06:15:00Z
FB5,735,2023-01-10T22:15:00Z,2023-01-11T06:15:00Z
FB5,736,2023-01-13T18:00:00Z,2023-01-14T03:15:00Z
FB5,737,2023-01-18T22:30:00Z,2023-01-19T01:30:00Z
FB5,738,2023-01-19T17:45:00Z,2023-01-19T23:00:00Z
FB5,739,2023-01-22T23:45:00Z,2023-01-23T06:30:00Z
FB5,740,2023-01-25T00:30:00Z,2023-01-25T06:15:00Z
FB5,741,2023-01-30T02:00:00Z,2023-01-30T06:00:00Z
FB5,742,2023-02-03T01:00:00Z,2023-02-03T04:00:00Z
FB5,743,2023-02-09T02:15:00Z,2023-02-09T06:30:00Z
FB5,744,2023-02-18T02:00:00Z,2023-02-18T06:15:00Z
FB5,745,2023-02-20T03:15:00Z,2023-02-20T06:30:00Z
FB5,746,2023-02-21T00:00:00Z,2023-02-21T03:15:00Z
FB5,747,2023-02-22T17:45:00Z,2023-02-22T22:45:00Z
FB5,748,2023-02-23T22:00:00Z,2023-02-24T01:00:00Z
FB5,749,2023-02-26T22:00:00Z,2023-02-27T06:00:00Z
FB5,750,2023-03-01T00:15:00Z,2023-03-01T06:00:00Z
FB5,751,2023-03-01T18:00:00Z,2023-03-02T06:15:00Z
FB5,752,2023-03-02T18:00:00Z,2023-03-03T01:15:00Z
FB5,753,2023-03-03T18:15:00Z,2023-03-04T06:00:00Z
FB5,754,2023-03-05T21:30:00Z,2023-03-06T01:45:00Z
FB5,755,2023-03-08T18:00:00Z,2023-03-08T23:30:00Z
FB5,756,2023-03-27T02:00:00Z,2023-03-27T06:00:00Z
FB5,757,2023-03-29T02:45:00Z,2023-03-29T06:00:00Z
FB5,758,2023-04-01T21:15:00Z,2023-04-02T02:00:00Z
FB5,759,2023-04-05T18:45:00Z,2023-04-06T02:15:00Z
FB5,760,2023-04-07T02:30:00Z,2023-04-07T05:45:00Z
FB5,761,2023-04-08T22:00:00Z,2023-04-09T05:00:00Z
FB5,762,2023-04-11T18:15:00Z,2023-04-11T21:30:00Z
FB5,763,2023-04-12T19:30:00Z,2023-04-13T03:30:00Z
FB5,764,2023-04-15T17:45:00Z,2023-04-15T20:45:00Z
FB5,765,2023-04-16T18:15:00Z,2023-04-16T23:00:00Z
FB5,766,2023-04-20T19:00:00Z,2023-04-20T23:45:00Z
FB5,767,2023-05-01T23:45:00Z,2023-05-02T04:00:00Z
FB5,768,2023-05-03T20:30:00Z,2023-05-03T23:45:00Z
FB5,769,2023-05-05T19:00:00Z,2023-05-05T22:45:00Z
FB5,770,2023-05-09T19:30:00Z,2023-05-09T23:00:00Z
FB5,771,2023-05-13T22:45:00Z,2023-05-14T03:45:00Z
FB5,772,2023-05-19T21:30:00Z,2023-05-20T05:15:00Z
FB5,773,2023-06-11T18:00:00Z,2023-06-12T05:30:00Z
FB5,774,2023-06-19T00:15:00Z,2023-06-19T05:45:00Z
FB5,775,2023-06-20T02:15:00Z,2023-06-20T05:30:00Z
FB5,776,2023-06-23T20:15:00Z,2023-06-24T05:30:00Z
FB5,777,2023-06-25T18:15:00Z,2023-06-25T21:15:00Z
FB5,778,2023-06-28T00:30:00Z,2023-06-28T05:30:00Z
FB5,779,2023-07-05T18:15:00Z,2023-07-05T23:30:00Z
FB6,780,2022-06-27T02:15:00Z,2022-06-27T05:45:00Z
FB6,781,2022-06-28T00:45:00Z,2022-06-28T05:45:00Z
FB6,782,2022-07-03T22:15:00Z,2022-07-04T01:30:00Z
FB6,783,2022-07-05T22:30:00Z,2022-07-06T05:30:00Z
FB6,784,2022-07-09T21:45:00Z,2022-07-10T05:45:00Z
FB6,785,2022-07-12T23:00:00Z,2022-07-13T05:30:00Z
FB6,786,2022-07-23T18:00:00Z,2022-07-23T22:45:00Z
FB6,787,2022-07-29T18:00:00Z,2022-07-29T23:00:00Z
FB6,788,2022-07-31T23:45:00Z,2022-08-01T02:45:00Z
FB6,789,2022-08-06T18:15:00Z,2022-08-07T02:30:00Z
FB6,790,2022-08-13T00:00:00Z,2022-08-13T05:45:00Z
FB6,791,2022-08-13T18:00:00Z,2022-08-13T22:45:00Z
FB6,792,2022-08-15T18:00:00Z,2022-08-15T22:00:00Z
FB6,793,2022-08-20T01:00:00Z,2022-08-20T04:15:00Z
FB6,794,2022-08-20T17:45:00Z,2022-08-21T01:00:00Z
FB6,795,2022-08-27T20:00:00Z,2022-08-28T03:00:00Z
FB6,796,2022-08-30T01:15:00Z,2022-08-30T04:30:00Z
FB6,797,2022-09-01T23:30:00Z,2022-09-02T03:30:00Z
FB6,798,2022-09-03T23:00:00Z,2022-09-04T03:30:00Z
FB6,799,2022-09-07T20:45:00Z,2022-09-08T02:30:00Z
FB6,800,2022-09-10T22:00:00Z,2022-09-11T03:00:00Z
FB6,801,2022-09-16T00:30:00Z,2022-09-16T06:00:00Z
FB6,802,2022-09-25T19:45:00Z,2022-09-26T04:15:00Z
FB6,803,2022-09-27T17:30:00Z,2022-09-27T22:00:00Z
FB6,804,2022-09-29T21:30:00Z,2022-09-30T05:30:00Z
FB6,805,2022-10-03T17:30:00Z,2022-10-03T20:45:00Z
FB6,806,2022-10-05T23:45:00Z,2022-10-06T05:30:00Z
FB6,807,2022-10-14T23:30:00Z,2022-10-15T05:30:00Z
FB6,808,2022-10-17T01:15:00Z,2022-10-17T04:45:00Z
FB6,809,2022-10-22T22:15:00Z,2022-10-23T03:00:00Z
FB6,810,2022-10-24T20:30:00Z,2022-10-25T05:30:00Z
FB6,811,2022-10-26T17:15:00Z,2022-10-26T20:15:00Z
FB6,812,2022-10-31T18:00:00Z,2022-10-31T21:45:00Z
FB6,813,2022-11-03T21:30:00Z,2022-11-04T01:30:00Z
FB6,814,2022-12-01T23:15:00Z,2022-12-02T03:15:00Z
FB6,815,2022-12-08T02:45:00Z,2022-12-08T06:15:00Z
FB6,816,2022-12-08T20:00:00Z,2022-12-09T00:15:00Z
FB6,817,2022-12-14T19:15:00Z,2022-12-14T22:45:00Z
FB6,818,2022-12-15T02:30:00Z,2022-12-15T06:00:00Z
FB6,819,2023-01-11T03:00:00Z,2023-01-11T06:00:00Z
FB6,820,2023-01-13T19:45:00Z,2023-01-14T00:15:00Z
FB6,821,2023-02-09T02:45:00Z,2023-02-09T06:15:00Z
FB6,822,2023-02-18T03:00:00Z,2023-02-18T06:00:00Z
FB6,823,2023-02-22T18:45:00Z,2023-02-22T21:45:00Z
FB6,824,2023-02-27T00:00:00Z,2023-02-27T06:00:00Z
FB6,825,2023-03-01T23:00:00Z,2023-03-02T06:15:00Z
FB6,826,2023-03-02T18:00:00Z,2023-03-03T01:15:00Z
FB6,827,2023-03-03T21:30:00Z,2023-03-04T00:30:00Z
FB6,828,2023-03-04T01:15:00Z,2023-03-04T06:00:00Z
FB6,829,2023-03-08T18:00:00Z,2023-03-08T23:30:00Z
FB6,830,2023-03-17T19:15:00Z,2023-03-17T22:45:00Z
FB6,831,2023-04-01T21:45:00Z,2023-04-02T01:30:00Z
FB6,832,2023-04-05T20:00:00Z,2023-04-06T02:15:00Z
FB6,833,2023-04-11T18:00:00Z,2023-04-11T22:15:00Z
FB6,834,2023-04-12T18:15:00Z,2023-04-12T22:45:00Z
FB6,835,2023-04-12T23:15:00Z,2023-04-13T02:45:00Z
FB6,836,2023-04-15T17:45:00Z,2023-04-15T21:30:00Z
FB6,837,2023-04-16T00:15:00Z,2023-04-16T04:15:00Z
FB6,838,2023-04-16T18:00:00Z,2023-04-16T23:00:00Z
FB6,839,2023-04-20T18:00:00Z,2023-04-21T00:15:00Z
FB6,840,2023-05-02T01:15:00Z,2023-05-02T04:15:00Z
FB6,841,2023-05-03T20:15:00Z,2023-05-04T00:00:00Z
FB6,842,2023-05-05T18:30:00Z,2023-05-05T23:00:00Z
FB6,843,2023-05-09T18:30:00Z,2023-05-09T23:15:00Z
FB6,844,2023-05-10T18:00:00Z,2023-05-10T21:00:00Z
FB6,845,2023-05-11T21:30:00Z,2023-05-12T01:45:00Z
FB6,846,2023-05-20T02:00:00Z,2023-05-20T05:00:00Z
FB6,847,2023-05-22T18:00:00Z,2023-05-22T21:45:00Z
FB6,848,2023-05-30T02:15:00Z,2023-05-30T05:15:00Z
FB6,849,2023-06-02T22:15:00Z,2023-06-03T01:15:00Z
FB6,850,2023-06-03T18:15:00Z,2023-06-03T22:15:00Z
FB7,851,2022-06-26T18:00:00Z,2022-06-26T22:15:00Z
FB7,852,2022-07-03T22:30:00Z,2022-07-04T01:45:00Z
FB7,853,2022-07-04T20:30:00Z,2022-07-05T05:30:00Z
FB7,854,2022-07-05T21:45:00Z,2022-07-06T05:30:00Z
FB7,855,2022-07-09T22:00:00Z,2022-07-10T02:45:00Z
FB7,856,2022-07-23T18:15:00Z,2022-07-23T22:45:00Z
FB7,857,2022-07-31T23:30:00Z,2022-08-01T02:45:00Z
FB7,858,2022-08-06T17:45:00Z,2022-08-07T02:15:00Z
FB7,859,2022-08-13T18:15:00Z,2022-08-13T22:45:00Z
FB7,860,2022-08-15T18:00:00Z,2022-08-15T21:45:00Z
FB7,861,2022-08-20T00:45:00Z,2022-08-20T04:15:00Z
FB7,862,2022-08-20T19:15:00Z,2022-08-21T00:00:00Z
FB7,863,2022-08-26T21:30:00Z,2022-08-27T02:15:00Z
FB7,864,2022-08-28T00:00:00Z,2022-08-28T03:15:00Z
FB7,865,2022-09-03T23:15:00Z,2022-09-04T03:00:00Z
FB7,866,2022-09-07T01:15:00Z,2022-09-07T04:15:00Z
FB7,867,2022-09-10T22:15:00Z,2022-09-11T03:00:00Z
FB7,868,2022-09-12T00:45:00Z,2022-09-12T04:30:00Z
FB7,869,2022-09-16T00:45:00Z,2022-09-16T05:45:00Z
FB7,870,2022-09-29T01:45:00Z,2022-09-29T05:30:00Z
FB7,871,2022-09-29T23:30:00Z,2022-09-30T05:30:00Z
FB7,872,2022-10-03T17:45:00Z,2022-10-03T21:30:00Z
FB7,873,2022-10-15T00:00:00Z,2022-10-15T04:00:00Z
FB7,874,2022-10-24T01:15:00Z,2022-10-24T04:15:00Z
FB7,875,2022-10-25T00:00:00Z,2022-10-25T05:30:00Z
FB7,876,2022-10-31T17:30:00Z,2022-10-31T21:45:00Z
FB7,877,2022-11-03T21:15:00Z,2022-11-04T02:00:00Z
FB7,878,2022-11-13T23:00:00Z,2022-11-14T04:30:00Z
FB7,879,2022-11-14T23:15:00Z,2022-11-15T02:30:00Z
FB7,880,2022-12-01T23:30:00Z,2022-12-02T03:15:00Z
FB7,881,2022-12-05T19:00:00Z,2022-12-06T00:30:00Z
FB7,882,2022-12-07T21:45:00Z,2022-12-08T01:15:00Z
FB7,883,2022-12-08T02:00:00Z,2022-12-08T06:15:00Z
FB7,884,2022-12-08T20:15:00Z,2022-12-09T00:15:00Z
FB7,885,2022-12-12T17:30:00Z,2022-12-12T23:30:00Z
FB7,886,2022-12-14T19:15:00Z,2022-12-14T22:45:00Z
FB7,887,2022-12-15T02:15:00Z,2022-12-15T06:00:00Z
FB7,888,2022-12-16T01:15:00Z,2022-12-16T04:30:00Z
FB7,889,2022-12-26T17:30:00Z,2022-12-26T21:15:00Z
FB7,890,2022-12-29T02:45:00Z,2022-12-29T06:00:00Z
FB7,891,2023-01-08T00:30:00Z,2023-01-08T06:15:00Z
FB7,892,2023-01-09T21:45:00Z,2023-01-10T06:15:00Z
FB7,893,2023-01-10T23:45:00Z,2023-01-11T06:15:00Z
FB7,894,2023-01-13T18:30:00Z,2023-01-14T03:00:00Z
FB7,895,2023-01-25T02:00:00Z,2023-01-25T05:30:00Z
FB7,896,2023-02-09T03:15:00Z,2023-02-09T06:15:00Z
FB7,897,2023-02-22T17:45:00Z,2023-02-22T21:45:00Z
FB7,898,2023-02-27T00:00:00Z,2023-02-27T06:00:00Z
FB7,899,2023-03-01T01:30:00Z,2023-03-01T06:00:00Z
FB7,900,2023-03-01T21:15:00Z,2023-03-02T06:00:00Z
FB7,901,2023-03-02T22:30:00Z,2023-03-03T01:45:00Z
FB7,902,2023-03-03T18:15:00Z,2023-03-04T06:00:00Z
FB7,903,2023-03-05T22:15:00Z,2023-03-06T01:45:00Z
FB7,904,2023-03-08T18:00:00Z,2023-03-08T23:30:00Z
FB7,905,2023-03-18T00:30:00Z,2023-03-18T05:45:00Z
FB7,906,2023-04-01T21:15:00Z,2023-04-02T01:15:00Z
FB7,907,2023-04-05T19:30:00Z,2023-04-06T02:15:00Z
FB7,908,2023-04-08T23:30:00Z,2023-04-09T04:45:00Z
FB7,909,2023-04-11T18:00:00Z,2023-04-11T22:15:00Z
FB7,910,2023-04-12T18:15:00Z,2023-04-12T22:30:00Z
FB7,911,2023-04-16T18:00:00Z,2023-04-16T22:45:00Z
FB7,912,2023-04-20T18:00:00Z,2023-04-20T23:45:00Z
FB7,913,2023-05-03T20:15:00Z,2023-05-04T00:00:00Z
FB7,914,2023-05-05T19:00:00Z,2023-05-05T22:45:00Z
FB7,915,2023-05-09T18:45:00Z,2023-05-09T23:00:00Z
FB7,916,2023-05-11T22:30:00Z,2023-05-12T01:45:00Z
FB7,917,2023-05-19T22:30:00Z,2023-05-20T05:00:00Z
FB7,918,2023-05-22T18:15:00Z,2023-05-22T21:45:00Z
FB7,919,2023-05-30T02:15:00Z,2023-05-30T05:15:00Z
FB7,920,2023-06-03T18:45:00Z,2023-06-03T22:30:00Z
FB8,921,2022-07-03T22:30:00Z,2022-07-04T05:30:00Z
FB8,922,2022-07-05T02:15:00Z,2022-07-05T05:45:00Z
FB8,923,2022-07-06T00:45:00Z,2022-07-06T05:30:00Z
FB8,924,2022-07-13T01:15:00Z,2022-07-13T05:30:00Z
FB8,925,2022-07-23T01:15:00Z,2022-07-23T06:00:00Z
FB8,926,2022-07-23T18:00:00Z,2022-07-23T22:45:00Z
FB8,927,2022-07-29T18:00:00Z,2022-07-30T05:45:00Z
FB8,928,2022-07-31T18:15:00Z,2022-07-31T22:00:00Z
FB8,929,2022-09-03T23:15:00Z,2022-09-04T03:00:00Z
FB8,930,2022-09-06T23:30:00Z,2022-09-07T02:45:00Z
FB8,931,2022-09-07T22:45:00Z,2022-09-08T02:00:00Z
FB8,932,2022-09-08T23:30:00Z,2022-09-09T03:45:00Z
FB8,933,2022-09-12T00:45:00Z,2022-09-12T04:45:00Z
FB8,934,2022-09-23T17:30:00Z,2022-09-23T21:30:00Z
FB8,935,2022-09-29T01:45:00Z,2022-09-29T05:30:00Z
FB8,936,2022-09-29T23:30:00Z,2022-09-30T03:45:00Z
FB8,937,2022-10-02T21:15:00Z,2022-10-03T05:45:00Z
FB8,938,2022-10-03T17:45:00Z,2022-10-03T22:00:00Z
FB8,939,2022-10-06T00:30:00Z,2022-10-06T05:30:00Z
FB8,940,2022-10-12T17:15:00Z,2022-10-13T00:00:00Z
FB8,941,2022-10-14T23:45:00Z,2022-10-15T05:45:00Z
FB8,942,2022-10-23T01:30:00Z,2022-10-23T06:00:00Z
FB8,943,2022-10-23T17:00:00Z,2022-10-23T20:15:00Z
FB8,944,2022-10-31T18:00:00Z,2022-11-01T00:00:00Z
FB8,945,2022-11-03T21:45:00Z,2022-11-04T01:00:00Z
FB8,946,2022-11-04T18:45:00Z,2022-11-04T22:00:00Z
FB8,947,2022-11-14T00:30:00Z,2022-11-14T04:15:00Z
FB8,948,2022-11-17T00:15:00Z,2022-11-17T05:45:00Z
FB8,949,2022-11-17T23:00:00Z,2022-11-18T02:30:00Z
FB8,950,2022-11-29T22:45:00Z,2022-11-30T03:00:00Z
FB8,951,2022-12-03T19:00:00Z,2022-12-03T22:45:00Z
FB8,952,2022-12-04T17:45:00Z,2022-12-04T23:30:00Z
FB8,953,2022-12-07T01:00:00Z,2022-12-07T05:30:00Z
FB8,954,2022-12-07T18:15:00Z,2022-12-08T04:00:00Z
FB8,955,2022-12-09T02:30:00Z,2022-12-09T05:30:00Z
FB8,956,2022-12-12T18:00:00Z,2022-12-12T21:30:00Z
FB8,957,2022-12-14T19:30:00Z,2022-12-14T22:30:00Z
FB8,958,2022-12-16T22:00:00Z,2022-12-17T02:00:00Z
FB8,959,2022-12-29T01:30:00Z,2022-12-29T04:30:00Z
FB8,960,2023-01-02T02:15:00Z,2023-01-02T05:30:00Z
FB8,961,2023-01-09T17:45:00Z,2023-01-10T03:45:00Z
FB8,962,2023-01-18T21:45:00Z,2023-01-19T01:00:00Z
FB8,963,2023-01-19T18:45:00Z,2023-01-19T22:00:00Z
FB8,964,2023-01-25T00:45:00Z,2023-01-25T05:15:00Z
FB8,965,2023-02-22T17:45:00Z,2023-02-22T21:30:00Z
FB8,966,2023-02-23T21:30:00Z,2023-02-24T01:00:00Z
FB8,967,2023-02-28T17:45:00Z,2023-02-28T20:45:00Z
FB8,968,2023-03-01T02:45:00Z,2023-03-01T06:15:00Z
FB8,969,2023-03-01T17:45:00Z,2023-03-01T21:30:00Z
FB8,970,2023-03-01T22:45:00Z,2023-03-02T02:30:00Z
FB8,971,2023-03-02T20:30:00Z,2023-03-02T23:45:00Z
FB8,972,2023-03-03T18:15:00Z,2023-03-04T00:30:00Z
FB8,973,2023-03-04T01:00:00Z,2023-03-04T06:00:00Z
FB8,974,2023-03-08T18:00:00Z,2023-03-08T23:30:00Z
FB8,975,2023-03-17T19:15:00Z,2023-03-17T23:00:00Z
FB8,976,2023-03-18T00:45:00Z,2023-03-18T05:15:00Z
FB8,977,2023-03-29T03:00:00Z,2023-03-29T06:00:00Z
FB8,978,2023-04-05T22:30:00Z,2023-04-06T02:15:00Z
FB8,979,2023-04-11T18:15:00Z,2023-04-11T21:15:00Z
FB8,980,2023-04-12T19:30:00Z,2023-04-13T00:00:00Z
FB8,981,2023-04-15T17:45:00Z,2023-04-15T20:45:00Z
FB8,982,2023-04-20T20:00:00Z,2023-04-20T23:30:00Z
FB8,983,2023-04-29T22:00:00Z,2023-04-30T01:45:00Z
FB8,984,2023-05-05T19:00:00Z,2023-05-05T22:45:00Z
FB8,985,2023-05-09T19:30:00Z,2023-05-09T23:00:00Z
FB8,986,2023-05-20T02:30:00Z,2023-05-20T05:30:00Z
TV1,987,2022-06-26T18:15:00Z,2022-06-27T01:45:00Z
TV1,988,2022-06-28T00:00:00Z,2022-06-28T05:30:00Z
TV1,989,2022-07-03T22:45:00Z,2022-07-04T01:45:00Z
TV1,990,2022-07-04T20:00:00Z,2022-07-05T02:15:00Z
TV1,991,2022-07-05T21:45:00Z,2022-07-06T05:30:00Z
TV1,992,2022-07-09T22:00:00Z,2022-07-10T02:45:00Z
TV1,993,2022-07-12T23:15:00Z,2022-07-13T04:15:00Z
TV1,994,2022-07-17T20:30:00Z,2022-07-18T00:30:00Z
TV1,995,2022-07-19T22:15:00Z,2022-07-20T05:45:00Z
TV1,996,2022-07-21T19:00:00Z,2022-07-21T22:30:00Z
TV1,997,2022-07-22T18:00:00Z,2022-07-23T05:45:00Z
TV1,998,2022-07-27T02:00:00Z,2022-07-27T05:30:00Z
TV1,999,2022-07-29T22:30:00Z,2022-07-30T03:30:00Z
TV1,1000,2022-08-04T19:00:00Z,2022-08-05T02:15:00Z
TV1,1001,2022-08-06T20:30:00Z,2022-08-07T05:45:00Z
TV1,1002,2022-08-09T23:00:00Z,2022-08-10T05:00:00Z
TV1,1003,2022-08-11T01:45:00Z,2022-08-11T05:30:00Z
TV1,1004,2022-08-12T23:00:00Z,2022-08-13T05:30:00Z
TV1,1005,2022-08-13T18:15:00Z,2022-08-13T22:15:00Z
TV1,1006,2022-08-17T23:15:00Z,2022-08-18T04:15:00Z
TV1,1007,2022-08-20T18:00:00Z,2022-08-20T23:15:00Z
TV1,1008,2022-08-21T20:45:00Z,2022-08-22T03:45:00Z
TV1,1009,2022-08-26T23:00:00Z,2022-08-27T02:00:00Z
TV1,1010,2022-08-27T18:00:00Z,2022-08-28T01:45:00Z
TV1,1011,2022-09-03T23:00:00Z,2022-09-04T03:00:00Z
TV1,1012,2022-09-10T22:15:00Z,2022-09-11T02:45:00Z
TV1,1013,2022-09-11T22:00:00Z,2022-09-12T05:15:00Z
TV1,1014,2022-09-25T18:30:00Z,2022-09-25T21:30:00Z
TV1,1015,2022-09-28T00:00:00Z,2022-09-28T05:30:00Z
TV1,1016,2022-10-02T17:45:00Z,2022-10-02T21:15:00Z
TV1,1017,2022-10-02T22:00:00Z,2022-10-03T05:30:00Z
TV1,1018,2022-10-05T20:30:00Z,2022-10-06T01:15:00Z
TV1,1019,2022-10-11T23:45:00Z,2022-10-12T05:15:00Z
TV1,1020,2022-10-12T19:45:00Z,2022-10-12T23:45:00Z
TV1,1021,2022-10-17T02:30:00Z,2022-10-17T05:45:00Z
TV1,1022,2022-10-22T22:30:00Z,2022-10-23T05:30:00Z
TV1,1023,2022-11-01T02:15:00Z,2022-11-01T05:30:00Z
TV1,1024,2022-11-03T20:45:00Z,2022-11-04T05:30:00Z
TV1,1025,2022-11-07T19:15:00Z,2022-11-07T22:45:00Z
TV1,1026,2022-11-13T01:45:00Z,2022-11-13T05:45:00Z
TV1,1027,2022-11-13T22:45:00Z,2022-11-14T05:30:00Z
TV1,1028,2022-11-14T22:15:00Z,2022-11-15T02:30:00Z
TV1,1029,2022-11-21T17:30:00Z,2022-11-21T21:30:00Z
TV1,1030,2022-11-25T01:15:00Z,2022-11-25T05:30:00Z
TV1,1031,2022-11-28T23:45:00Z,2022-11-29T03:15:00Z
TV1,1032,2022-11-30T01:45:00Z,2022-11-30T05:45:00Z
TV1,1033,2022-12-04T02:00:00Z,2022-12-04T05:45:00Z
TV1,1034,2022-12-07T21:45:00Z,2022-12-08T00:45:00Z
TV1,1035,2022-12-29T00:15:00Z,2022-12-29T04:45:00Z
TV1,1036,2023-01-02T02:30:00Z,2023-01-02T05:45:00Z
TV1,1037,2023-01-02T23:00:00Z,2023-01-03T02:45:00Z
TV1,1038,2023-01-09T21:00:00Z,2023-01-10T01:30:00Z
TV1,1039,2023-01-11T02:45:00Z,2023-01-11T06:00:00Z
TV1,1040,2023-01-18T21:45:00Z,2023-01-19T01:30:00Z
TV1,1041,2023-01-25T01:30:00Z,2023-01-25T05:30:00Z
TV1,1042,2023-02-20T23:30:00Z,2023-02-21T03:15:00Z
TV1,1043,2023-02-26T21:30:00Z,2023-02-27T06:00:00Z
TV1,1044,2023-02-27T22:15:00Z,2023-02-28T01:45:00Z
TV1,1045,2023-02-28T18:00:00Z,2023-03-01T06:00:00Z
TV1,1046,2023-03-03T22:00:00Z,2023-03-04T06:00:00Z
TV1,1047,2023-03-05T20:30:00Z,2023-03-06T02:00:00Z
TV1,1048,2023-03-08T18:00:00Z,2023-03-08T22:30:00Z
TV1,1049,2023-03-11T17:30:00Z,2023-03-11T22:45:00Z
TV1,1050,2023-03-14T21:15:00Z,2023-03-15T05:45:00Z
TV1,1051,2023-03-17T18:00:00Z,2023-03-18T03:30:00Z
TV1,1052,2023-03-26T00:00:00Z,2023-03-26T04:45:00Z
TV1,1053,2023-03-27T02:45:00Z,2023-03-27T05:45:00Z
TV1,1054,2023-03-29T00:00:00Z,2023-03-29T04:00:00Z
TV1,1055,2023-04-01T21:45:00Z,2023-04-02T03:45:00Z
TV1,1056,2023-04-05T19:15:00Z,2023-04-06T02:30:00Z
TV1,1057,2023-04-07T00:00:00Z,2023-04-07T05:30:00Z
TV1,1058,2023-04-13T02:00:00Z,2023-04-13T05:45:00Z
TV1,1059,2023-04-24T22:00:00Z,2023-04-25T05:00:00Z
TV1,1060,2023-04-26T22:30:00Z,2023-04-27T05:15:00Z
TV1,1061,2023-04-27T17:45:00Z,2023-04-27T22:15:00Z
TV1,1062,2023-04-28T18:45:00Z,2023-04-29T04:00:00Z
TV1,1063,2023-05-01T17:45:00Z,2023-05-01T23:45:00Z
TV1,1064,2023-05-03T00:00:00Z,2023-05-03T04:00:00Z
TV1,1065,2023-05-14T18:45:00Z,2023-05-14T22:45:00Z
TV1,1066,2023-05-25T22:30:00Z,2023-05-26T03:15:00Z
TV1,1067,2023-06-06T18:15:00Z,2023-06-06T22:45:00Z
TV1,1068,2023-06-07T01:30:00Z,2023-06-07T05:15:00Z
TV1,1069,2023-06-11T01:15:00Z,2023-06-11T05:15:00Z
TV1,1070,2023-06-12T00:15:00Z,2023-06-12T05:30:00Z
TV2,1071,2022-07-12T23:30:00Z,2022-07-13T05:45:00Z
TV2,1072,2022-07-14T17:15:00Z,2022-07-15T05:45:00Z
TV2,1073,2022-07-15T21:15:00Z,2022-07-16T03:30:00Z
TV2,1074,2022-07-16T18:15:00Z,2022-07-17T05:45:00Z
TV2,1075,2022-07-17T19:30:00Z,2022-07-18T06:00:00Z
TV2,1076,2022-07-18T18:00:00Z,2022-07-19T03:30:00Z
TV2,1077,2022-07-20T00:45:00Z,2022-07-20T05:45:00Z
TV2,1078,2022-07-20T17:30:00Z,2022-07-21T05:30:00Z
TV2,1079,2022-07-21T22:30:00Z,2022-07-22T05:30:00Z
TV2,1080,2022-07-22T20:45:00Z,2022-07-23T05:45:00Z
TV2,1081,2022-07-25T19:15:00Z,2022-07-26T05:30:00Z
TV2,1082,2022-07-26T18:30:00Z,2022-07-26T23:30:00Z
TV2,1083,2022-07-30T02:45:00Z,2022-07-30T05:45:00Z
TV2,1084,2022-07-30T18:00:00Z,2022-07-31T06:00:00Z
TV2,1085,2022-08-01T03:00:00Z,2022-08-01T06:00:00Z
TV2,1086,2022-08-01T18:15:00Z,2022-08-01T23:00:00Z
TV2,1087,2022-08-02T00:00:00Z,2022-08-02T06:15:00Z
TV2,1088,2022-08-04T18:00:00Z,2022-08-05T06:15:00Z
TV2,1089,2022-08-05T22:45:00Z,2022-08-06T06:00:00Z
TV2,1090,2022-08-06T21:45:00Z,2022-08-07T02:15:00Z
TV2,1091,2022-08-07T02:45:00Z,2022-08-07T05:45:00Z
TV2,1092,2022-08-07T17:15:00Z,2022-08-07T21:15:00Z
TV2,1093,2022-08-08T18:15:00Z,2022-08-09T05:45:00Z
TV2,1094,2022-08-09T18:30:00Z,2022-08-10T00:15:00Z
TV2,1095,2022-08-10T00:45:00Z,2022-08-10T06:15:00Z
TV2,1096,2022-08-12T23:15:00Z,2022-08-13T05:30:00Z
TV2,1097,2022-08-13T18:15:00Z,2022-08-14T00:15:00Z
TV2,1098,2022-08-16T00:15:00Z,2022-08-16T03:15:00Z
TV2,1099,2022-08-17T02:30:00Z,2022-08-17T05:30:00Z
TV2,1100,2022-08-21T21:00:00Z,2022-08-22T03:45:00Z
TV2,1101,2022-08-27T18:00:00Z,2022-08-28T02:15:00Z
TV2,1102,2022-09-02T02:00:00Z,2022-09-02T05:30:00Z
TV2,1103,2022-09-03T23:00:00Z,2022-09-04T03:00:00Z
TV2,1104,2022-09-04T18:30:00Z,2022-09-05T00:00:00Z
TV2,1105,2022-09-11T22:00:00Z,2022-09-12T04:45:00Z
TV2,1106,2022-09-25T18:30:00Z,2022-09-25T21:30:00Z
TV2,1107,2022-09-28T01:30:00Z,2022-09-28T05:30:00Z
TV2,1108,2022-10-02T21:45:00Z,2022-10-03T05:30:00Z
TV2,1109,2022-10-05T19:15:00Z,2022-10-06T01:15:00Z
TV2,1110,2022-10-12T18:15:00Z,2022-10-13T00:00:00Z
TV2,1111,2022-11-03T21:30:00Z,2022-11-04T02:00:00Z
TV2,1112,2022-11-22T01:00:00Z,2022-11-22T04:30:00Z
TV2,1113,2022-11-30T02:15:00Z,2022-11-30T05:45:00Z
TV2,1114,2022-12-04T02:00:00Z,2022-12-04T05:45:00Z
TV2,1115,2022-12-07T21:15:00Z,2022-12-08T00:45:00Z
TV2,1116,2023-01-18T02:00:00Z,2023-01-18T06:00:00Z
TV2,1117,2023-02-28T18:15:00Z,2023-03-01T06:00:00Z
TV2,1118,2023-03-04T01:00:00Z,2023-03-04T04:00:00Z
TV2,1119,2023-03-08T18:00:00Z,2023-03-08T22:15:00Z
TV2,1120,2023-03-11T17:45:00Z,2023-03-11T22:45:00Z
TV2,1121,2023-03-14T21:45:00Z,2023-03-15T03:00:00Z
TV2,1122,2023-03-17T18:30:00Z,2023-03-18T05:45:00Z
TV2,1123,2023-04-01T22:30:00Z,2023-04-02T04:30:00Z
TV2,1124,2023-04-05T22:30:00Z,2023-04-06T03:00:00Z
TV2,1125,2023-04-24T23:45:00Z,2023-04-25T03:45:00Z
TV2,1126,2023-04-26T23:00:00Z,2023-04-27T02:45:00Z
TV2,1127,2023-04-27T19:00:00Z,2023-04-27T23:15:00Z
TV2,1128,2023-04-27T23:45:00Z,2023-04-28T05:15:00Z
TV2,1129,2023-04-28T19:15:00Z,2023-04-29T05:15:00Z
TV2,1130,2023-05-01T17:45:00Z,2023-05-01T23:15:00Z
TV2,1131,2023-05-25T22:30:00Z,2023-05-26T02:30:00Z
TV2,1132,2023-06-06T00:30:00Z,2023-06-06T05:30:00Z
TV2,1133,2023-06-06T18:45:00Z,2023-06-06T22:15:00Z
TV3,1134,2022-06-26T18:15:00Z,2022-06-27T01:45:00Z
TV3,1135,2022-06-28T00:15:00Z,2022-06-28T05:30:00Z
TV3,1136,2022-07-03T23:45:00Z,2022-07-04T05:30:00Z
TV3,1137,2022-07-04T22:15:00Z,2022-07-05T01:30:00Z
TV3,1138,2022-07-15T22:45:00Z,2022-07-16T03:00:00Z
TV3,1139,2022-07-22T22:45:00Z,2022-07-23T05:45:00Z
TV3,1140,2022-07-26T00:15:00Z,2022-07-26T05:30:00Z
TV3,1141,2022-08-13T00:15:00Z,2022-08-13T05:30:00Z
TV3,1142,2022-08-22T01:45:00Z,2022-08-22T04:45:00Z
TV3,1143,2022-09-03T23:15:00Z,2022-09-04T03:00:00Z
TV3,1144,2022-10-03T00:00:00Z,2022-10-03T05:30:00Z
TV3,1145,2022-10-12T19:30:00Z,2022-10-12T23:45:00Z
TV3,1146,2022-11-04T02:00:00Z,2022-11-04T05:30:00Z
TV3,1147,2022-11-22T00:45:00Z,2022-11-22T04:30:00Z
TV3,1148,2023-02-26T18:30:00Z,2023-02-26T22:15:00Z
TV3,1149,2023-02-28T00:15:00Z,2023-02-28T05:45:00Z
TV3,1150,2023-02-28T18:30:00Z,2023-03-01T06:00:00Z
TV3,1151,2023-03-03T22:30:00Z,2023-03-04T01:45:00Z
TV3,1152,2023-03-05T17:45:00Z,2023-03-05T22:00:00Z
TV3,1153,2023-03-08T18:45:00Z,2023-03-08T22:15:00Z
TV3,1154,2023-03-17T18:45:00Z,2023-03-18T02:30:00Z
TV3,1155,2023-04-01T23:30:00Z,2023-04-02T05:00:00Z
TV4,1156,2022-08-17T00:00:00Z,2022-08-17T04:45:00Z
TV4,1157,2022-08-20T18:30:00Z,2022-08-20T22:00:00Z
TV4,1158,2022-08-22T01:00:00Z,2022-08-22T04:45:00Z
TV4,1159,2022-08-24T20:00:00Z,2022-08-25T05:45:00Z
TV4,1160,2022-08-27T19:30:00Z,2022-08-28T05:30:00Z
TV4,1161,2022-08-28T23:00:00Z,2022-08-29T03:45:00Z
TV4,1162,2022-09-01T19:30:00Z,2022-09-02T05:45:00Z
TV4,1163,2022-09-03T23:00:00Z,2022-09-04T03:00:00Z
TV4,1164,2022-09-04T21:15:00Z,2022-09-05T00:15:00Z
TV4,1165,2022-09-07T20:30:00Z,2022-09-08T05:45:00Z
TV4,1166,2022-09-11T22:00:00Z,2022-09-12T04:45:00Z
TV4,1167,2022-09-13T01:45:00Z,2022-09-13T06:00:00Z
TV4,1168,2022-09-14T02:00:00Z,2022-09-14T05:30:00Z
TV4,1169,2022-09-15T23:00:00Z,2022-09-16T05:45:00Z
TV4,1170,2022-09-17T01:45:00Z,2022-09-17T05:30:00Z
TV4,1171,2022-09-18T20:15:00Z,2022-09-19T01:15:00Z
TV4,1172,2022-09-23T00:15:00Z,2022-09-23T05:30:00Z
TV4,1173,2022-09-25T18:30:00Z,2022-09-25T21:30:00Z
TV4,1174,2022-10-02T01:15:00Z,2022-10-02T05:45:00Z
TV4,1175,2022-10-03T00:00:00Z,2022-10-03T05:30:00Z
TV4,1176,2022-10-05T18:30:00Z,2022-10-06T01:30:00Z
TV4,1177,2022-10-12T01:30:00Z,2022-10-12T05:15:00Z
TV4,1178,2022-10-12T18:00:00Z,2022-10-13T00:00:00Z
TV4,1179,2022-10-17T02:00:00Z,2022-10-17T06:00:00Z
TV4,1180,2022-10-22T21:30:00Z,2022-10-23T06:00:00Z
TV4,1181,2022-10-24T22:15:00Z,2022-10-25T05:45:00Z
TV4,1182,2022-11-09T23:15:00Z,2022-11-10T02:30:00Z
TV4,1183,2022-11-13T22:45:00Z,2022-11-14T04:15:00Z
TV4,1184,2022-11-25T02:45:00Z,2022-11-25T05:45:00Z
TV4,1185,2022-11-30T02:15:00Z,2022-11-30T06:00:00Z
TV4,1186,2022-12-04T01:30:00Z,2022-12-04T05:45:00Z
TV4,1187,2022-12-07T21:45:00Z,2022-12-08T00:45:00Z
TV4,1188,2022-12-28T23:00:00Z,2022-12-29T03:15:00Z
TV4,1189,2023-02-28T23:00:00Z,2023-03-01T06:00:00Z
TV4,1190,2023-03-03T22:15:00Z,2023-03-04T05:45:00Z
TV4,1191,2023-03-08T18:00:00Z,2023-03-08T22:30:00Z
TV4,1192,2023-03-11T17:30:00Z,2023-03-11T23:00:00Z
TV4,1193,2023-03-17T18:30:00Z,2023-03-18T05:45:00Z
TV4,1194,2023-04-01T22:30:00Z,2023-04-02T03:30:00Z
TV4,1195,2023-04-05T22:30:00Z,2023-04-06T02:30:00Z
TV4,1196,2023-04-27T17:00:00Z,2023-04-27T23:15:00Z
